{"val_loss":{"0":0.3888232708,"1":0.1838578284,"2":0.0736679286,"3":0.0358852707,"4":0.0271214936,"5":0.0258050058,"6":0.0256254449,"7":0.0252641384,"8":0.0245570522,"9":0.0234974697,"10":0.022165766},"val_auprc":{"0":0.0003220558,"1":0.0003262874,"2":0.0002947519,"3":0.0002753297,"4":0.0002782538,"5":0.0002825846,"6":0.0002888328,"7":0.0002949804,"8":0.0003004652,"9":0.0003052813,"10":0.0003095265},"val_auroc":{"0":0.2658278048,"1":0.3021713197,"2":0.3255964816,"3":0.332942456,"4":0.3359514475,"5":0.3452246189,"6":0.3609234095,"7":0.3758890629,"8":0.388477236,"9":0.3988925219,"10":0.4075788558},"val_acc":{"0":0.9978967309,"1":0.9978967309,"2":0.9978967309,"3":0.9978967309,"4":0.9978967309,"5":0.9978967309,"6":0.9978967309,"7":0.9978967309,"8":0.9978967309,"9":0.9978967309,"10":0.9978967309},"loss":{"0":0.54943513,"1":0.3024242928,"2":0.1316714837,"3":0.0486606719,"4":0.0185344963,"5":0.0094706042,"6":0.0066102253,"7":0.0054919699,"8":0.0049829882,"9":0.004631496,"10":0.0043553821},"auprc":{"0":0.0002014027,"1":0.0002773313,"2":0.0002477956,"3":0.0002728964,"4":0.0002749667,"5":0.0002792917,"6":0.0002852234,"7":0.0002914051,"8":0.0002971614,"9":0.000302597,"10":0.0003068244},"auroc":{"0":0.2688732505,"1":0.2984057676,"2":0.3223524263,"3":0.3350652683,"4":0.3407380043,"5":0.3429354084,"6":0.3557257918,"7":0.3712233718,"8":0.3845830479,"9":0.3953119662,"10":0.4048311255},"acc":{"0":0.951174253,"1":0.9996372453,"2":0.9996372519,"3":0.9996372433,"4":0.9996372484,"5":0.9996372429,"6":0.9996372511,"7":0.9996372499,"8":0.9996372417,"9":0.9996372483,"10":0.9996372527}}