{"val_loss":{"0":0.0247864664,"1":0.0107139151,"2":0.0072786612,"3":0.0072607065,"4":0.0065886626,"5":0.0066307306,"6":0.0066202525,"7":0.0070128562,"8":0.0063168837,"9":0.0068886906,"10":0.0058815872},"val_auprc":{"0":0.0002950259,"1":0.0003434132,"2":0.0004945728,"3":0.0006763965,"4":0.0008749799,"5":0.0010900665,"6":0.00130892,"7":0.0015412088,"8":0.0017833965,"9":0.0022903247,"10":0.00321864},"val_auroc":{"0":0.3796020972,"1":0.4633555769,"2":0.5767752462,"3":0.6410224382,"4":0.6817921334,"5":0.7119300058,"6":0.7332179057,"7":0.7508101982,"8":0.7649330894,"9":0.7772525069,"10":0.7867160212},"val_acc":{"0":0.9978967402,"1":0.9978967402,"2":0.9978967402,"3":0.9978967402,"4":0.9978967402,"5":0.9978967402,"6":0.9978967402,"7":0.9978967402,"8":0.9978967402,"9":0.9978967402,"10":0.9978967402},"loss":{"0":0.1230498398,"1":0.0035540862,"2":0.0022558865,"3":0.0021810356,"4":0.0021342508,"5":0.0021075029,"6":0.0020596479,"7":0.0020150761,"8":0.0019935157,"9":0.0019466691,"10":0.0019067119},"auprc":{"0":0.0002504534,"1":0.0003062629,"2":0.000400161,"3":0.0005667541,"4":0.000745794,"5":0.0009624137,"6":0.0011807065,"7":0.0014071942,"8":0.0016456901,"9":0.0019713969,"10":0.0024979806},"auroc":{"0":0.338335678,"1":0.4205994892,"2":0.5202571329,"3":0.6083482278,"4":0.6591128634,"5":0.6965774344,"6":0.7215541889,"7":0.7415340429,"8":0.7577135372,"9":0.7706054509,"10":0.7817868448},"acc":{"0":0.994485356,"1":0.9996372415,"2":0.9996372399,"3":0.9996372388,"4":0.9996372399,"5":0.9996372399,"6":0.9996372442,"7":0.9996372431,"8":0.9996372399,"9":0.9996352017,"10":0.9996382579}}