{"val_loss":{"0":0.0258621257,"1":0.0224409644,"2":0.0138375061,"3":0.0071966667,"4":0.0064388076,"5":0.006748586,"6":0.0066274488,"7":0.0070096515,"8":0.0064376565,"9":0.0067956643,"10":0.00623678},"val_auprc":{"0":0.0002781676,"1":0.0003062737,"2":0.0003233076,"3":0.0003863396,"4":0.0004871041,"5":0.000597909,"6":0.0007181073,"7":0.0008473565,"8":0.0009835387,"9":0.001127443,"10":0.0013046088},"val_auroc":{"0":0.3332680464,"1":0.401317656,"2":0.4331439137,"3":0.5028574467,"4":0.5650689006,"5":0.6078191996,"6":0.64042449,"7":0.666965723,"8":0.687853694,"9":0.7056108117,"10":0.7209421992},"val_acc":{"0":0.9978967309,"1":0.9978967309,"2":0.9978967309,"3":0.9978967309,"4":0.9978967309,"5":0.9978967309,"6":0.9978967309,"7":0.9978967309,"8":0.9978967309,"9":0.9978967309,"10":0.9978967309},"loss":{"0":0.1867274074,"1":0.0054900119,"2":0.003662471,"3":0.0025391122,"4":0.0022569174,"5":0.0021925541,"6":0.0021647551,"7":0.0021147173,"8":0.0020721201,"9":0.0020414485,"10":0.0020089196},"auprc":{"0":0.000235722,"1":0.0002875158,"2":0.0003124611,"3":0.0003410147,"4":0.0004205311,"5":0.0005303232,"6":0.0006482092,"7":0.0007725683,"8":0.000905354,"9":0.0010461517,"10":0.0011939583},"auroc":{"0":0.328742405,"1":0.3770925428,"2":0.4205401525,"3":0.4616924974,"4":0.5319515819,"5":0.585323712,"6":0.6234691779,"7":0.6531950439,"8":0.6770022396,"9":0.6962640977,"10":0.7128890582},"acc":{"0":0.991530367,"1":0.9996372499,"2":0.9996372497,"3":0.9996372503,"4":0.9996372521,"5":0.9996362333,"6":0.9996362279,"7":0.9996382707,"8":0.9996372478,"9":0.9996362295,"10":0.999639285}}