{"val_loss":{"0":0.0339008157,"1":0.0339008157,"2":0.0339008157,"3":0.0339008157,"4":0.0339008157,"5":0.0339008157,"6":0.0339008157,"7":0.0339008157,"8":0.0339008157,"9":0.0339008157,"10":0.0339008157},"val_auprc":{"0":0.0003977998,"1":0.0003967158,"2":0.0003963841,"3":0.000396227,"4":0.0003961366,"5":0.0003960782,"6":0.0003960378,"7":0.0003960081,"8":0.0003959856,"9":0.000395968,"10":0.0003959538},"val_auroc":{"0":0.4996340158,"1":0.4998178854,"2":0.4998787836,"3":0.4999091601,"4":0.4999273624,"5":0.4999394882,"6":0.4999481444,"7":0.4999546333,"8":0.4999596795,"9":0.4999637159,"10":0.4999670177},"val_acc":{"0":0.9978967294,"1":0.9978967294,"2":0.9978967294,"3":0.9978967294,"4":0.9978967294,"5":0.9978967294,"6":0.9978967294,"7":0.9978967294,"8":0.9978967294,"9":0.9978967294,"10":0.9978967294},"loss":{"0":0.0059824149,"1":0.0058469633,"2":0.0058469633,"3":0.0058469633,"4":0.0058469633,"5":0.0058469633,"6":0.0058469633,"7":0.0058469633,"8":0.0058469633,"9":0.0058469633,"10":0.0058469633},"auprc":{"0":0.0003541756,"1":0.0003820789,"2":0.0003900877,"3":0.0003904491,"4":0.0003890748,"5":0.0003921125,"6":0.0003934018,"7":0.0003934159,"8":0.0003933754,"9":0.0003943825,"10":0.0003939914},"auroc":{"0":0.5014775897,"1":0.4997474012,"2":0.4998525223,"3":0.4998954565,"4":0.499918952,"5":0.4999338013,"6":0.4999440432,"7":0.4999515366,"8":0.4999572582,"9":0.4999617703,"10":0.4999654201},"acc":{"0":0.9996321535,"1":0.9996372483,"2":0.9996372483,"3":0.9996372483,"4":0.9996372483,"5":0.9996372483,"6":0.9996372483,"7":0.9996372483,"8":0.9996372483,"9":0.9996372483,"10":0.9996372483}}