{"val_loss":{"0":0.0069023751,"1":0.0053246452,"2":0.0072431317,"3":0.0080433141,"4":0.003644955,"5":0.0040007575,"6":0.0049921647,"7":0.0093005912,"8":0.0042281143,"9":0.003830363,"10":0.0051834593,"11":0.004619435,"12":0.0048547275,"13":0.0043388907,"14":0.0084081958,"15":0.0051242527,"16":0.0030088885,"17":0.0060188471,"18":0.0048880196,"19":0.0036002218,"20":0.0026840543,"21":0.0046876781,"22":0.009750702,"23":0.0033331389,"24":0.0030295505,"25":0.0073177588,"26":0.0039257289,"27":0.003457373,"28":0.0042094456,"29":0.0036218678,"30":0.0058337961,"31":0.0026451964,"32":0.0054936399,"33":0.0021402131,"34":0.0029286896,"35":0.0039942144,"36":0.0042551297,"37":0.0046356477,"38":0.0058864426,"39":0.00517255,"40":0.0054479453,"41":0.004212968,"42":0.0032528913,"43":0.0025284853,"44":0.0061592324,"45":0.0033729514,"46":0.0044914071,"47":0.0029843631,"48":0.0048166273,"49":0.003976816,"50":0.0035519494,"51":0.0036959011,"52":0.004971558,"53":0.0048995313,"54":0.0052001626,"55":0.0032092809,"56":0.0034758293,"57":0.0041119666,"58":0.0067845389,"59":0.0023977799,"60":0.0030716913,"61":0.0050770359,"62":0.0033194264,"63":0.0039632859,"64":0.0028482579,"65":0.0042101651,"66":0.0051448132,"67":0.0069410996,"68":0.0039619237,"69":0.0029348609,"70":0.0057299972,"71":0.0039988527,"72":0.0042034917,"73":0.0070441138,"74":0.0107724334,"75":0.0039408041,"76":0.0031057015,"77":0.0030866165,"78":0.0127611708,"79":0.0035143188,"80":0.0036834006,"81":0.0039772389,"82":0.0104973596,"83":0.0101437338,"84":0.0207973031,"85":0.0054000226,"86":0.004293659,"87":0.0063570961,"88":0.0069114712,"89":0.0071837735,"90":0.0039803385,"91":0.0046153985,"92":0.0031783757},"val_auprc":{"0":0.0156211444,"1":0.0340244764,"2":0.0630277848,"3":0.1024115413,"4":0.1667537529,"5":0.212755233,"6":0.2495899049,"7":0.2737995354,"8":0.2951202859,"9":0.3168044182,"10":0.3346129074,"11":0.3504504055,"12":0.3609799561,"13":0.3722489868,"14":0.378688123,"15":0.3880593708,"16":0.3993020146,"17":0.4067281868,"18":0.4163618304,"19":0.4238361239,"20":0.430849935,"21":0.4368957176,"22":0.4394557421,"23":0.4462646219,"24":0.4515915637,"25":0.4563841054,"26":0.4607889225,"27":0.4650511804,"28":0.4684056566,"29":0.4722740656,"30":0.4747153312,"31":0.4781121066,"32":0.4804802687,"33":0.4842754509,"34":0.4891246674,"35":0.4916798908,"36":0.4951277755,"37":0.4981134904,"38":0.4999468793,"39":0.5025194133,"40":0.5052140398,"41":0.5084030317,"42":0.5098050311,"43":0.5132727699,"44":0.515398421,"45":0.5177581519,"46":0.5198903932,"47":0.5223677675,"48":0.5241161729,"49":0.5261892886,"50":0.5282661807,"51":0.5306057302,"52":0.5318504758,"53":0.5340110289,"54":0.5350527646,"55":0.536624645,"56":0.5387939908,"57":0.5404802604,"58":0.5415094384,"59":0.5428077409,"60":0.5445301088,"61":0.5458772941,"62":0.54737625,"63":0.548908476,"64":0.5498415547,"65":0.5513786883,"66":0.5527668963,"67":0.5522907537,"68":0.5535521567,"69":0.5548238321,"70":0.5557842564,"71":0.5571722147,"72":0.558377407,"73":0.5586556377,"74":0.5594292813,"75":0.5606034614,"76":0.5615761328,"77":0.5623025769,"78":0.5629954379,"79":0.5643489638,"80":0.5655337457,"81":0.5657348011,"82":0.5663679738,"83":0.5664895907,"84":0.5656766809,"85":0.5660159637,"86":0.566847232,"87":0.5670844797,"88":0.5677901788,"89":0.5679468532,"90":0.56857357,"91":0.5692442468,"92":0.5700480098},"val_auroc":{"0":0.7857570364,"1":0.8158137708,"2":0.8340519269,"3":0.8448430276,"4":0.8536848087,"5":0.8616313585,"6":0.867340119,"7":0.8697401466,"8":0.8739975283,"9":0.8767861949,"10":0.8780182977,"11":0.8802998471,"12":0.8818562934,"13":0.8837268926,"14":0.8849257641,"15":0.8866930694,"16":0.8881894904,"17":0.8895786924,"18":0.8906999573,"19":0.8919564178,"20":0.8933945315,"21":0.8943008007,"22":0.8945247003,"23":0.8952083224,"24":0.8954806365,"25":0.8958714537,"26":0.8963785772,"27":0.8964412871,"28":0.8967647164,"29":0.8972280898,"30":0.8976706723,"31":0.8980807869,"32":0.8982026495,"33":0.8982792578,"34":0.8988581706,"35":0.8992287423,"36":0.899821216,"37":0.900246163,"38":0.900484767,"39":0.9007123218,"40":0.9012697132,"41":0.9016231517,"42":0.9015486456,"43":0.9017910719,"44":0.901993857,"45":0.9022148815,"46":0.9026187415,"47":0.902791988,"48":0.9029861311,"49":0.903273464,"50":0.9036227855,"51":0.9041067702,"52":0.9042869631,"53":0.9045063893,"54":0.9046946832,"55":0.9048765541,"56":0.9051160848,"57":0.9051965903,"58":0.9052307802,"59":0.9054556057,"60":0.9056944969,"61":0.9059661727,"62":0.9060875723,"63":0.9062452277,"64":0.9063195958,"65":0.9065075823,"66":0.9066682627,"67":0.9064313115,"68":0.9065349385,"69":0.9067248905,"70":0.9069466872,"71":0.9070046814,"72":0.9071653086,"73":0.9073200781,"74":0.9073696671,"75":0.9073687078,"76":0.9075144501,"77":0.907638896,"78":0.9075222908,"79":0.9076142859,"80":0.9076711659,"81":0.9075096178,"82":0.9074447826,"83":0.9074257095,"84":0.9069753386,"85":0.9070530101,"86":0.9071710545,"87":0.9073005213,"88":0.907185751,"89":0.907086621,"90":0.9072136775,"91":0.907296872,"92":0.9075546655},"val_acc":{"0":0.9978967296,"1":0.9978967296,"2":0.9978967296,"3":0.9978967296,"4":0.9993164372,"5":0.9992638552,"6":0.9990535284,"7":0.9983699652,"8":0.9992638552,"9":0.9993164372,"10":0.9990535284,"11":0.9991586916,"12":0.9987906196,"13":0.99910611,"14":0.9978967296,"15":0.9987906196,"16":0.9996319276,"17":0.9987906196,"18":0.9993164372,"19":0.9993690188,"20":0.9996319276,"21":0.9990535284,"22":0.9982648016,"23":0.9994216004,"24":0.9993690188,"25":0.9987906196,"26":0.9992638552,"27":0.9993164372,"28":0.9993690188,"29":0.9993164378,"30":0.9988432012,"31":0.999579346,"32":0.9987380376,"33":0.9996845096,"34":0.9993690188,"35":0.9992638552,"36":0.9993164372,"37":0.9991586916,"38":0.9987906196,"39":0.9983173836,"40":0.9988432012,"41":0.9991586916,"42":0.9994741824,"43":0.999579346,"44":0.99910611,"45":0.9994741827,"46":0.99910611,"47":0.9994741827,"48":0.9992638552,"49":0.9993164372,"50":0.9992112736,"51":0.9996319276,"52":0.9989483648,"53":0.9989483648,"54":0.9990535284,"55":0.9993690188,"56":0.9994216008,"57":0.9994216014,"58":0.9983173836,"59":0.999579346,"60":0.9994741824,"61":0.99910611,"62":0.9994216004,"63":0.9992112736,"64":0.999579346,"65":0.9992112736,"66":0.99910611,"67":0.9979493112,"68":0.9992638566,"69":0.9993690188,"70":0.9983173836,"71":0.999526764,"72":0.9993164372,"73":0.9982648016,"74":0.9990535284,"75":0.999579346,"76":0.9993690188,"77":0.999579346,"78":0.99910611,"79":0.9995267644,"80":0.999579346,"81":0.99910611,"82":0.9982648016,"83":0.9978967296,"84":0.9978441479,"85":0.9988957828,"86":0.9995267644,"87":0.9982648016,"88":0.99910611,"89":0.998685456,"90":0.99910611,"91":0.9992638552,"92":0.9993690188},"loss":{"0":0.0030707043,"1":0.002016289,"2":0.0017756915,"3":0.0016793415,"4":0.0015274702,"5":0.0015192982,"6":0.001427298,"7":0.0013828765,"8":0.001454677,"9":0.0013650379,"10":0.0014185705,"11":0.0013704102,"12":0.0013687592,"13":0.0013246919,"14":0.0013533713,"15":0.0012896776,"16":0.0012919251,"17":0.0012990422,"18":0.0012047485,"19":0.0012832254,"20":0.0012905188,"21":0.0013012528,"22":0.0013029669,"23":0.0012946023,"24":0.0013230274,"25":0.0012567039,"26":0.001311553,"27":0.0013804045,"28":0.001329884,"29":0.0013926827,"30":0.0013041226,"31":0.0013292144,"32":0.001310369,"33":0.0013185846,"34":0.0012508458,"35":0.0012993797,"36":0.001202408,"37":0.0012503755,"38":0.0012590342,"39":0.0012538979,"40":0.0011811091,"41":0.0011681252,"42":0.0014196069,"43":0.0011674106,"44":0.0012420851,"45":0.0012531935,"46":0.0011848344,"47":0.0013262166,"48":0.0012304141,"49":0.0012103365,"50":0.0011587789,"51":0.0011342067,"52":0.0012230355,"53":0.0011644462,"54":0.001257202,"55":0.0012121153,"56":0.0011843671,"57":0.0012278971,"58":0.0012152433,"59":0.0012960608,"60":0.0011960094,"61":0.0011766889,"62":0.0012709528,"63":0.0012189029,"64":0.0013804954,"65":0.0011643282,"66":0.0012292913,"67":0.0014333339,"68":0.0013507001,"69":0.0012054681,"70":0.0012363858,"71":0.0012537517,"72":0.0012835864,"73":0.0013009536,"74":0.001220229,