{"67": {"0": 5.1985895316914185e-05}, "85": {"0": 5.170568204171971e-05}, "236": {"0": 4.985725086163086e-05}, "236": {"0": 5.004572968873923e-05}}