{"val_loss":{"0":0.0189036372,"1":0.0063640688,"2":0.0072431041,"3":0.0073925838,"4":0.0064263634,"5":0.0069106072,"6":0.0067209629,"7":0.007314292,"8":0.0072194618,"9":0.0071601218,"10":0.0046349374,"11":0.0062535916,"12":0.0055038956,"13":0.0050890715,"14":0.0070451003,"15":0.0055713939,"16":0.0058033863,"17":0.005878574,"18":0.0057272602,"19":0.0064472832,"20":0.0055066927,"21":0.004643976,"22":0.004639048,"23":0.0051688386,"24":0.0042454013,"25":0.0048318861,"26":0.0065447132,"27":0.0044552413,"28":0.0063878195,"29":0.0044411942,"30":0.0050496721,"31":0.0051036798,"32":0.0037458467,"33":0.0052428978,"34":0.0053123413,"35":0.0040445113,"36":0.0047320231,"37":0.0050753139,"38":0.0036238424,"39":0.003818851,"40":0.004879354,"41":0.0043046537,"42":0.0034768392,"43":0.0033609359,"44":0.0036218759,"45":0.0039966389,"46":0.0027757856,"47":0.0023612042,"48":0.0035352227,"49":0.0034421607,"50":0.0027180179,"51":0.0034594304,"52":0.0027487211,"53":0.0037303088,"54":0.0027223325,"55":0.0030668971,"56":0.002772196,"57":0.0023228508,"58":0.0152848488,"59":0.0025371039,"60":0.0025107091,"61":0.002544048,"62":0.0054542033,"63":0.0023195829,"64":0.0080881419,"65":0.0041502702,"66":0.0044167759,"67":0.005233622,"68":0.0038082997,"69":0.003711247,"70":0.0050760358,"71":0.0046807061,"72":0.0032624181,"73":0.0042147852,"74":0.0040875551},"val_auprc":{"0":0.0003166784,"1":0.0004939935,"2":0.0007744265,"3":0.0010788393,"4":0.0014272949,"5":0.0025563637,"6":0.0036161103,"7":0.0065846987,"8":0.0116511575,"9":0.0172373542,"10":0.0316913828,"11":0.0426850223,"12":0.0564122327,"13":0.0701124887,"14":0.0814682449,"15":0.0945135699,"16":0.1061100197,"17":0.1174955008,"18":0.1294982475,"19":0.1405222277,"20":0.1510507836,"21":0.1610764348,"22":0.1718017388,"23":0.1818653088,"24":0.1912390971,"25":0.2004238323,"26":0.2084836161,"27":0.2169454032,"28":0.2253118013,"29":0.2335297661,"30":0.2415976981,"31":0.2491128572,"32":0.256770387,"33":0.2634788996,"34":0.2703972107,"35":0.2776214671,"36":0.2842384704,"37":0.2908088809,"38":0.2975067154,"39":0.3042116952,"40":0.3106887702,"41":0.3168986928,"42":0.323804422,"43":0.3296538005,"44":0.3362337243,"45":0.3424782518,"46":0.3487516299,"47":0.3550301956,"48":0.3605206438,"49":0.3663124759,"50":0.3721027178,"51":0.3773693696,"52":0.3823018927,"53":0.3871894669,"54":0.3926257999,"55":0.3971795098,"56":0.4017289427,"57":0.4067849682,"58":0.4103277922,"59":0.4127243307,"60":0.4170488852,"61":0.4216229773,"62":0.4258095622,"63":0.4297076104,"64":0.4335309258,"65":0.4262978942,"66":0.4235366241,"67":0.4223894902,"68":0.4223569841,"69":0.4230879086,"70":0.424224318,"71":0.4258870673,"72":0.4279498428,"73":0.429810692,"74":0.4318066132},"val_auroc":{"0":0.4185910285,"1":0.5649749829,"2":0.6521255918,"3":0.6991574144,"4":0.7315843108,"5":0.7556647842,"6":0.772138049,"7":0.7873676704,"8":0.7998892544,"9":0.8104960268,"10":0.8191317113,"11":0.8269211239,"12":0.8338444266,"13":0.8395912223,"14":0.8439721452,"15":0.8483537988,"16":0.8522069107,"17":0.8560227424,"18":0.8591197928,"19":0.8619105673,"20":0.8644892957,"21":0.8671243721,"22":0.8694652272,"23":0.8716647217,"24":0.8735894064,"25":0.8755051251,"26":0.8770416244,"27":0.8787781246,"28":0.8802589893,"29":0.881852796,"30":0.8834656976,"31":0.8848207858,"32":0.8861324964,"33":0.887471632,"34":0.8885912945,"35":0.8897901227,"36":0.8910911964,"37":0.8922269052,"38":0.8933366245,"39":0.8944528299,"40":0.8955418283,"41":0.8966097324,"42":0.8975420086,"43":0.8985449868,"44":0.8994750938,"45":0.9004983863,"46":0.9015361394,"47":0.9025297146,"48":0.9033532123,"49":0.9041428058,"50":0.9048774458,"51":0.9057020633,"52":0.9064223386,"53":0.9071409791,"54":0.9078579887,"55":0.9085920668,"56":0.9094091165,"57":0.9101346243,"58":0.9103544081,"59":0.9107552747,"60":0.9114011741,"61":0.9121063225,"62":0.9125690314,"63":0.9131161082,"64":0.9136852788,"65":0.9104532707,"66":0.9107534524,"67":0.9111265052,"68":0.9115663767,"69":0.9120319232,"70":0.9125210154,"71":0.9130678538,"72":0.9136360161,"73":0.9141377914,"74":0.9146276459},"val_acc":{"0":0.9978967118,"1":0.9978967118,"2":0.9978967118,"3":0.9978967118,"4":0.9978967118,"5":0.9978967118,"6":0.9978967118,"7":0.9978967118,"8":0.9978967118,"9":0.9978967118,"10":0.9990535131,"11":0.9983699733,"12":0.9987380467,"13":0.9990009526,"14":0.9982648162,"15":0.9987906021,"16":0.9987906021,"17":0.9987906021,"18":0.9990009526,"19":0.9987906021,"20":0.9990009526,"21":0.9990535131,"22":0.9990535131,"23":0.9988431987,"24":0.9991587064,"25":0.9990535131,"26":0.9987906021,"27":0.9991061098,"28":0.9987906021,"29":0.9991061098,"30":0.9990009526,"31":0.9990009526,"32":0.9991061098,"33":0.9988957954,"34":0.9987906021,"35":0.9990535131,"36":0.9990009526,"37":0.9990009526,"38":0.9991061098,"39":0.9990535131,"40":0.9988957954,"41":0.9990535131,"42":0.9991061098,"43":0.9991061098,"44":0.9991061098,"45":0.9990535131,"46":0.9993164241,"47":0.9995267474,"48":0.9991587064,"49":0.9992112669,"50":0.9993164241,"51":0.9991061098,"52":0.9992638364,"53":0.9990535131,"54":0.9992112669,"55":0.9991587064,"56":0.9992638636,"57":0.9993690208,"58":0.9978967118,"59":0.9993690208,"60":0.9993690208,"61":0.9993690208,"62":0.9987906021,"63":0.9994215902,"64":0.9970554202,"65":0.9978967118,"66":0.9987906021,"67":0.9982648162,"68":0.9988431987,"69":0.9990535131,"70":0.9983699733,"71":0.9990009526,"72":0.9992112669,"73":0.9989483559,"74":0.9989483559},"loss":{"0":0.0810479827,"1":0.0026617071,"2":0.0022031978,"3":0.0021515025,"4":0.0020502764,"5":0.0019641207,"6":0.0019098573,"7":0.0018132087,"8":0.0017258729,"9":0.0016603546,"10":0.0015710104,"11":0.0014998497,"12":0.0014603029,"13":0.0014099384,"14":0.0013789175,"15":0.0013191394,"16":0.0013018065,"17":0.0012955425,"18":0.0012428581,"19":0.0012119447,"20":0.0012065603,"21":0.001178865,"22":0.0011803823,"23":0.0011250991,"24":0.0011241434,"25":0.0011021299,"26":0.0010841516,"27":0.001092474,"28":0.0010491794,"29":0.0010449904,"30":0.0010113657,"31":0.001002681,"32":0.0010157141,"33":0.0009774929,"34":0.0009685194,"35":0.0009747958,"36":0.0009431176,"37":0.0009179677,"38":0.0009079579,"39":0.0009111458,"40":0.0008935088,"41":0.0008871089,"42":0.0008731773,"43":0.0008631103,"44":0.0008519273,"45":0.0008457586,"46":0.0008347867,"47":0.0008284089,"48":0.0008357302,"49":0.0008030676,"50":0.0008055186,"51":0.0008110542,"52":0.0008468652,"53":0.0008002314,"54":0.0007661284,"55":0.0008031329,"56":0.0007864391,"57":0.0007626627,"58":0.00077016,"59":0.0009761319,"60":0.0007625313,"61":0.0007673939,"62":0.000752262,"63":0.0007642646,"64":0.0007480193,"65":0.0038135768,"66":0.001207702,"67":0.0010625305,"68":0.0010129153,"69":0.0009662669,"70":0.0009223333,"71":0.0008969451,"72":0.0008754759,"73":0.0008805605,"74":0.0008578895},"auprc":{"0":0.0002715633,"1":0.0003551063,"2":0.0006086826,"3":0.0008930986,"4":0.0012037808,"5":0.001640483,"6":0.0029546214,"7":0.0051991203,"8":0.0092542825,"9":0.014183364,"10":0.0218581696,"11":0.0356029552,"12":0.0468515495,"13":0.0608111109,"14":0.0760646681,"15":0.087216225,"16":0.0992276332,"17":0.1106494055,"18":0.1221103467,"19":0.133916216,"20":0.1447113305,"21":0.1554060272,"22":0.1649935066,"23":0.1765392392,"24":0.1858515532,"25":0.1951598104,"26":0.2040510784,"27":0.2121258577,"28":0.2206961649,"29":0.2286207605,"30":0.237320609,"31":0.2448420862,"32":0.252706014,"33":0.2598381866,"34":0.2668445805,"35":0.2734738282,"36":0.2808874279,"37":0.2873490583,"38":0.2942125744,"39":0.3004800432,"40":0.3074348656,"41":0.3135636098,"42":0.320304121,"43":0.3262984573,"44":0.3327044613,"45":0.339043909,"46":0.3453372326,"47":0.351329805,"48":0.357471847,"49":0.3630465684,"50":0.3690084825,"51":0.3742024979,"52":0.3798334409,"53":0.384525964,"54":0.389811202,"55":0.3946525941,"56":0.3992499484,"57":0.4040144198,"58":0.4089685774,"59":0.410872918,"60":0.4144691577,"61":0.4192347125,"62":0.4235212942,"63":0.4274629507,"64":0.4318876722,"65":0.4289156169,"66":0.424755932,"67":0.4228351277,"68":0.422257678,"69":0.4225220342,