{"val_loss":{"0":0.5167030096,"1":0.3920381367,"2":0.2760450244,"3":0.1839195937,"4":0.116428867,"5":0.0738067329,"6":0.0491036661,"7":0.0360140726,"8":0.0298196692,"9":0.0272011105,"10":0.0262274351},"val_auprc":{"0":0.0003585953,"1":0.0001449503,"2":0.0002035024,"3":0.0001757567,"4":0.0002042577,"5":0.0002867513,"6":0.0002807135,"7":0.0002801774,"8":0.0002812369,"9":0.0002822382,"10":0.000283666},"val_auroc":{"0":0.2569861412,"1":0.2688341737,"2":0.2956157327,"3":0.3149075806,"4":0.3269640505,"5":0.3345264196,"6":0.338493824,"7":0.3406260312,"8":0.341527611,"9":0.3419994116,"10":0.3442702591},"val_acc":{"0":0.9978967309,"1":0.9978967309,"2":0.9978967309,"3":0.9978967309,"4":0.9978967309,"5":0.9978967309,"6":0.9978967309,"7":0.9978967309,"8":0.9978967309,"9":0.9978967309,"10":0.9978967309},"loss":{"0":0.6278103248,"1":0.4890646376,"2":0.3650847027,"3":0.2552145382,"4":0.1677469721,"5":0.1043111214,"6":0.063079984,"7":0.0375687308,"8":0.023048327,"9":0.0151029944,"10":0.010761758},"auprc":{"0":0.0003311589,"1":0.0002229454,"2":0.0002957133,"3":0.000257389,"4":0.0002873603,"5":0.0003131235,"6":0.0002755192,"7":0.0002788894,"8":0.000280102,"9":0.0002814537,"10":0.0002824169},"auroc":{"0":0.2662831776,"1":0.2759042419,"2":0.2916337402,"3":0.3142110463,"4":0.3300204648,"5":0.3360313965,"6":0.3395178821,"7":0.3422864206,"8":0.3436310761,"9":0.3431736922,"10":0.3452605266},"acc":{"0":0.8808371544,"1":0.9996372387,"2":0.9996372518,"3":0.9996372518,"4":0.9996372525,"5":0.9996372368,"6":0.999637242,"7":0.99963724,"8":0.9996372479,"9":0.999637259,"10":0.9996372558}}