{"val_loss":{"0":0.3888018429,"1":0.1811152995,"2":0.0723234862,"3":0.0355443135,"4":0.0270516202,"5":0.0257834308,"6":0.0256076977,"7":0.0252516493,"8":0.0245452449,"9":0.023478711,"10":0.0221148431,"11":0.0206482485,"12":0.0189283043,"13":0.0172267985,"14":0.0155180488,"15":0.0137021532,"16":0.0118772713,"17":0.0102198357,"18":0.0089872181,"19":0.0079958374,"20":0.0075270142},"val_auprc":{"0":0.0001828294,"1":0.0001960778,"2":0.0002903008,"3":0.0002762344,"4":0.0002787086,"5":0.0002828215,"6":0.0002889797,"7":0.000295063,"8":0.0003004903,"9":0.0003052663,"10":0.0003094776,"11":0.0003132259,"12":0.0003165839,"13":0.0003196127,"14":0.0003224582,"15":0.000325321,"16":0.0003308829,"17":0.0003390356,"18":0.0003498453,"19":0.0003633854,"20":0.0003786121},"val_auroc":{"0":0.2601386607,"1":0.302388072,"2":0.3270283639,"3":0.3348189592,"4":0.3367132843,"5":0.3452629447,"6":0.3607699275,"7":0.3756397367,"8":0.3881525993,"9":0.3985331059,"10":0.4071956873,"11":0.4145260453,"12":0.4207945466,"13":0.4262116551,"14":0.431103915,"15":0.4358417094,"16":0.4445243478,"17":0.4559626877,"18":0.469384104,"19":0.4841216505,"20":0.4985229671},"val_acc":{"0":0.9978967309,"1":0.9978967309,"2":0.9978967309,"3":0.9978967309,"4":0.9978967309,"5":0.9978967309,"6":0.9978967309,"7":0.9978967309,"8":0.9978967309,"9":0.9978967309,"10":0.9978967309,"11":0.9978967309,"12":0.9978967309,"13":0.9978967309,"14":0.9978967309,"15":0.9978967309,"16":0.9978967309,"17":0.9978967309,"18":0.9978967309,"19":0.9978967309,"20":0.9978967309},"loss":{"0":0.5552741932,"1":0.3049072404,"2":0.1320305564,"3":0.048581842,"4":0.018498044,"5":0.009451708,"6":0.0066000236,"7":0.0054746404,"8":0.0049669136,"9":0.0046382107,"10":0.004406851,"11":0.0040854976,"12":0.0038204877,"13":0.0035704913,"14":0.0033163727,"15":0.0030879248,"16":0.0028360936,"17":0.0026450748,"18":0.0024903139,"19":0.0023839723,"20":0.0023087324},"auprc":{"0":0.0001388465,"1":0.0002837163,"2":0.0002469855,"3":0.0002742348,"4":0.0002756201,"5":0.0002795434,"6":0.0002853523,"7":0.0002916229,"8":0.0002971601,"9":0.0003025723,"10":0.0003067972,"11":0.0003106893,"12":0.0003144353,"13":0.0003173009,"14":0.0003208187,"15":0.0003234769,"16":0.0003271273,"17":0.0003337166,"18":0.0003439213,"19":0.0003553847,"20":0.000370145},"auroc":{"0":0.2690609506,"1":0.2967260206,"2":0.324053681,"3":0.3368887681,"4":0.3419914975,"5":0.3436893491,"6":0.3558557242,"7":0.3709028299,"8":0.3843985888,"9":0.3950317859,"10":0.4044798384,"11":0.4122782113,"12":0.4187279871,"13":0.4246315101,"14":0.4293988208,"15":0.4342087122,"16":0.44038878,"17":0.4500104624,"18":0.4629109572,"19":0.4769601381,"20":0.4916666052},"acc":{"0":0.9484678759,"1":0.9996372454,"2":0.9996372464,"3":0.9996372456,"4":0.9996372617,"5":0.9996372433,"6":0.9996372485,"7":0.9996372431,"8":0.9996372582,"9":0.999637241,"10":0.9996372357,"11":0.9996372402,"12":0.9996372433,"13":0.9996372495,"14":0.999637241,"15":0.9996372485,"16":0.9996372474,"17":0.9996372454,"18":0.9996372495,"19":0.9996372412,"20":0.9996362353}}