{"val_loss":{"0":0.5585865974,"1":0.4747708142,"2":0.3888154924,"3":0.3094987571,"4":0.2399560064,"5":0.1806862056,"6":0.1330411583,"7":0.0973526984,"8":0.0722656623,"9":0.0548019595,"10":0.0430319384,"11":0.0355837643,"12":0.0311016068,"13":0.0285171662,"14":0.0271112211,"15":0.0263909567,"16":0.0260461159,"17":0.0258940645,"18":0.0258210376,"19":0.0257691368,"20":0.0257058907},"val_auprc":{"0":0.0001475571,"1":0.0002648291,"2":0.000138931,"3":0.0003221495,"4":0.0002836856,"5":0.000280652,"6":0.0002726875,"7":0.0002239831,"8":0.00027301,"9":0.0002735408,"10":0.0002781788,"11":0.0002790482,"12":0.0002798889,"13":0.0002806894,"14":0.0002814708,"15":0.0002824673,"16":0.0002838281,"17":0.0002855301,"18":0.0002874535,"19":0.0002894941,"20":0.0002915455},"val_auroc":{"0":0.2457408607,"1":0.244104147,"2":0.2595992088,"3":0.2840191126,"4":0.3024727702,"5":0.314614743,"6":0.3232684731,"7":0.3294618428,"8":0.3336259723,"9":0.3362926245,"10":0.3382484019,"11":0.3396033645,"12":0.3403502703,"13":0.3409103155,"14":0.3415728211,"15":0.3431077302,"16":0.345951587,"17":0.3499852419,"18":0.3547569513,"19":0.3598814607,"20":0.3650017977},"val_acc":{"0":0.9978967309,"1":0.9978967309,"2":0.9978967309,"3":0.9978967309,"4":0.9978967309,"5":0.9978967309,"6":0.9978967309,"7":0.9978967309,"8":0.9978967309,"9":0.9978967309,"10":0.9978967309,"11":0.9978967309,"12":0.9978967309,"13":0.9978967309,"14":0.9978967309,"15":0.9978967309,"16":0.9978967309,"17":0.9978967309,"18":0.9978967309,"19":0.9978967309,"20":0.9978967309},"loss":{"0":0.6416411385,"1":0.5420227001,"2":0.4577757635,"3":0.3722839874,"4":0.2948888355,"5":0.2277555595,"6":0.1708528029,"7":0.1247286108,"8":0.089703972,"9":0.0640900705,"10":0.0453880065,"11":0.0322457394,"12":0.0233712932,"13":0.0174322947,"14":0.0134653562,"15":0.0108499111,"16":0.0090884376,"17":0.007908951,"18":0.007060417,"19":0.0064959809,"20":0.0060555993},"auprc":{"0":0.0001807178,"1":0.0002544233,"2":0.0002924574,"3":0.0002700217,"4":0.0002947618,"5":0.0001894253,"6":0.0003083999,"7":0.0002722247,"8":0.0002691891,"9":0.0002760933,"10":0.0002773028,"11":0.0002782447,"12":0.0002791434,"13":0.0002798032,"14":0.0002807939,"15":0.0002817862,"16":0.0002828486,"17":0.0002846129,"18":0.0002866173,"19":0.00028845,"20":0.000290592},"auroc":{"0":0.263581824,"1":0.252603599,"2":0.2589301614,"3":0.2819050591,"4":0.3034627858,"5":0.314402329,"6":0.3239348946,"7":0.3307236636,"8":0.3356470004,"9":0.3374944407,"10":0.339967591,"11":0.3410012729,"12":0.3415965479,"13":0.3427460191,"14":0.3426712689,"15":0.343624946,"16":0.3465671704,"17":0.3498596433,"18":0.3541165974,"19":0.3595065196,"20":0.3644057804},"acc":{"0":0.8542289167,"1":0.999514966,"2":0.9996372413,"3":0.9996372476,"4":0.999637254,"5":0.9996372403,"6":0.9996372351,"7":0.9996372651,"8":0.9996372365,"9":0.9996372585,"10":0.9996372417,"11":0.9996372351,"12":0.9996372585,"13":0.9996372303,"14":0.9996372413,"15":0.9996372466,"16":0.9996372365,"17":0.9996372595,"18":0.9996372762,"19":0.9996372417,"20":0.9996372351}}