{"val_loss":{"0":0.023166598,"1":0.0077564475,"2":0.0071564973,"3":0.0074536128,"4":0.0064200939,"5":0.0067896174,"6":0.0064002665,"7":0.0070951088,"8":0.0064601959,"9":0.0068826065,"10":0.0047263567,"11":0.0060579118,"12":0.0049067928,"13":0.0046846415,"14":0.0066068409,"15":0.0053619147,"16":0.0063915184,"17":0.0057639285,"18":0.0050770118,"19":0.0057594017,"20":0.0052868289,"21":0.004517883,"22":0.0048888346,"23":0.0051209248,"24":0.004311669,"25":0.0048697403,"26":0.0060841101,"27":0.0052885625,"28":0.0068907802,"29":0.0040765604,"30":0.0045791812,"31":0.0054007207,"32":0.0032822058,"33":0.0055045459,"34":0.0065013208,"35":0.0036602636,"36":0.0067213374,"37":0.0046106974,"38":0.0041192603,"39":0.0041985219,"40":0.0049086851,"41":0.0042709879,"42":0.0036828742,"43":0.0038346788,"44":0.0040594815,"45":0.0036834683,"46":0.0034845905,"47":0.0030828283,"48":0.0035934,"49":0.0040384183,"50":0.0030432563,"51":0.0043714298,"52":0.003194769,"53":0.0037757446,"54":0.002758565,"55":0.0030995388,"56":0.0025792165,"57":0.0029232127,"58":0.0137534164,"59":0.0039946444,"60":0.0026078699,"61":0.0027491076,"62":0.0054174977,"63":0.0028165214,"64":0.0209477278,"65":0.0339008005,"66":0.0339008005,"67":0.0339008005,"68":0.0339008005,"69":0.0339008005,"70":0.0339008005,"71":0.0339008005,"72":0.0339008005,"73":0.0339008005},"val_auprc":{"0":0.0003043601,"1":0.0003775418,"2":0.0005655706,"3":0.0007972933,"4":0.0010416484,"5":0.001311252,"6":0.0015909409,"7":0.0022208556,"8":0.00356438,"9":0.0057332207,"10":0.0145249021,"11":0.0204045622,"12":0.0305603698,"13":0.0420318029,"14":0.0512519096,"15":0.0603163776,"16":0.069205933,"17":0.0806927429,"18":0.0910014466,"19":0.1015722946,"20":0.1105609155,"21":0.1208107152,"22":0.1309441713,"23":0.1409007619,"24":0.150956606,"25":0.1601375536,"26":0.1683267026,"27":0.1764145616,"28":0.1846488755,"29":0.193409378,"30":0.2011452625,"31":0.2086137425,"32":0.2171647172,"33":0.2245285588,"34":0.2316062342,"35":0.2387557933,"36":0.2457385885,"37":0.252830789,"38":0.2597068928,"39":0.2662784313,"40":0.2724502837,"41":0.2787211917,"42":0.2852362404,"43":0.2912142286,"44":0.2969781838,"45":0.3031053923,"46":0.3087625585,"47":0.3148039719,"48":0.3205800806,"49":0.3265608405,"50":0.3326404998,"51":0.3378898655,"52":0.3433753858,"53":0.3485883474,"54":0.3539468214,"55":0.3593390296,"56":0.364400843,"57":0.3697816441,"58":0.3734818399,"59":0.3778174745,"60":0.3827075074,"61":0.3874082892,"62":0.3914605307,"63":0.396285096,"64":0.3977912142,"65":0.3843113708,"66":0.3785946369,"67":0.3730457723,"68":0.3676575052,"69":0.3624229359,"70":0.3573355603,"71":0.3523893058,"72":0.3475783395,"73":0.3428971695},"val_auroc":{"0":0.3974838139,"1":0.495290491,"2":0.5988603999,"3":0.6609235704,"4":0.6974751045,"5":0.7256221846,"6":0.7447660425,"7":0.7624215154,"8":0.7766626247,"9":0.7882626943,"10":0.7988512636,"11":0.8081646009,"12":0.8163154007,"13":0.8231574198,"14":0.8287242763,"15":0.8343057553,"16":0.8388571371,"17":0.8429891157,"18":0.8468165559,"19":0.8502596673,"20":0.8534311007,"21":0.8566077033,"22":0.8592298597,"23":0.861775278,"24":0.8641736968,"25":0.8662291197,"26":0.8680402049,"27":0.8700186533,"28":0.871566358,"29":0.8731471819,"30":0.8748209091,"31":0.8764189548,"32":0.8779714376,"33":0.8793468561,"34":0.8803884617,"35":0.8817257823,"36":0.8828455459,"37":0.8841075839,"38":0.8853706208,"39":0.8865697182,"40":0.8877673543,"41":0.888878058,"42":0.8898535476,"43":0.8908964953,"44":0.8918640575,"45":0.8928725085,"46":0.8938084946,"47":0.8947843313,"48":0.8955156168,"49":0.8962678294,"50":0.8970146016,"51":0.8978751571,"52":0.8987750084,"53":0.8996183545,"54":0.9004758721,"55":0.9011682108,"56":0.9019677764,"57":0.9027393585,"58":0.9030675273,"59":0.9034745078,"60":0.9041213086,"61":0.9047880009,"62":0.9054887131,"63":0.9061915423,"64":0.9069081622,"65":0.9007601267,"66":0.894724918,"67":0.8888692836,"68":0.8831845051,"69":0.8776635201,"70":0.8722995048,"71":0.8670856193,"72":0.8620159318,"73":0.8570840195},"val_acc":{"0":0.9978967383,"1":0.9978967383,"2":0.9978967383,"3":0.9978967383,"4":0.9978967383,"5":0.9978967383,"6":0.9978967383,"7":0.9978967383,"8":0.9978967383,"9":0.9978967383,"10":0.9992112938,"11":0.9982647921,"12":0.9990535435,"13":0.9991586953,"14":0.9982647921,"15":0.9987906415,"16":0.9983699439,"17":0.9987906415,"18":0.999000945,"19":0.9987906415,"20":0.9988431948,"21":0.999000945,"22":0.999000945,"23":0.999000945,"24":0.999000945,"25":0.999000945,"26":0.9987906415,"27":0.999000945,"28":0.9987906415,"29":0.9991586953,"30":0.999000945,"31":0.9989483465,"32":0.9992638471,"33":0.9988957932,"34":0.9987906415,"35":0.9991060968,"36":0.9987906415,"37":0.999000945,"38":0.9990535435,"39":0.9990535435,"40":0.999000945,"41":0.999000945,"42":0.9991060968,"43":0.9990535435,"44":0.999000945,"45":0.9991060968,"46":0.9992112938,"47":0.9993689989,"48":0.9991060968,"49":0.999000945,"50":0.9993164456,"51":0.999000945,"52":0.9993164456,"53":0.9990535435,"54":0.9993689989,"55":0.9993164456,"56":0.9993689989,"57":0.9993689989,"58":0.9978967383,"59":0.999000945,"60":0.9993164456,"61":0.9993689989,"62":0.9987906415,"63":0.9993164456,"64":0.99347988,"65":0.9978967383,"66":0.9978967383,"67":0.9978967383,"68":0.9978967383,"69":0.9978967383,"70":0.9978967383,"71":0.9978967383,"72":0.9978967383,"73":0.9978967383},"loss":{"0":0.1018198695,"1":0.0033095549,"2":0.0022971213,"3":0.0021576129,"4":0.0021209747,"5":0.0020635154,"6":0.0020108906,"7":0.001926704,"8":0.0018417745,"9":0.0017664876,"10":0.0017030725,"11":0.001639675,"12":0.0015715913,"13":0.0015228317,"14":0.0014760249,"15":0.0014180871,"16":0.0013792439,"17":0.0013467554,"18":0.0013074524,"19":0.0012729283,"20":0.0012546663,"21":0.0012195274,"22":0.001216887,"23":0.0011864247,"24":0.0011559516,"25":0.0011553654,"26":0.0011520539,"27":0.0011397531,"28":0.0010886737,"29":0.0010640182,"30":0.0010638089,"31":0.0010596725,"32":0.0010367932,"33":0.0010089071,"34":0.0010047326,"35":0.0010125415,"36":0.0009762891,"37":0.0009667488,"38":0.0009589866,"39":0.0009611202,"40":0.0009383841,"41":0.000932838,"42":0.0009105273,"43":0.0009105363,"44":0.0008994701,"45":0.000881113,"46":0.000885001,"47":0.000901553,"48":0.0008811488,"49":0.0008365047,"50":0.0008527462,"51":0.0008391762,"52":0.0008271961,"53":0.0008052973,"54":0.0008255924,"55":0.0008226954,"56":0.0008062185,"57":0.0007957979,"58":0.0008008645,"59":0.0008890988,"60":0.0007949134,"61":0.0007658738,"62":0.0007706348,"63":0.0007513391,"64":0.0007672578,"65":0.006292425,"66":0.0058469484,"67":0.0058469488,"68":0.0058469487,"69":0.0058469497,"70":0.0058469488,"71":0.0058469479,"72":0.0058469501,"73":0.0058469481},"auprc":{"0":0.0002640577,"1":0.0003160515,"2":0.0004515049,"3":0.0006562714,"4":0.0008830631,"5":0.0011496203,"6":0.0014253079,"7":0.0019777096,"8":0.0029449561,"9":0.0045372191,"10":0.0072785993,"11":0.0163901143,"12":0.0231596091,"13":0.0340109703,"14":0.0463631773,"15":0.0548749092,"16":0.064147458,"17":0.0737012046,"18":0.0845470941,"19":0.0951590834,"20":0.1050097897,"21":0.1151131645,"22":0.124489323,"23":0.1352296013,"24":0.1452520097,"25":0.1547744519,"26":0.1635982663,"27":0.1719344864,"28":0.1800197294,"29":0.1882257555,"30":0.1969177686,"31":0.2045508586,"32":0.2126972982,"33":0.2204307576,"34":0.2278215199,"35":0.2344385262,"36":0.2424676321,"37":0.2489784074,"38":0.2562261888,"39":0.2626049611,"40":0.2692245324,"41":0.2754004883,"42":0.2819332754,"43":0.2878353757,"44":0.2937103677,"45":0.2996514261,"46":0.3055492409,"47":0.3111420172,"48":0.3173475835,"49":0.3232192803,"50":0.3294601651,"51":0.3349193474,"52":0.3404793758,"53":0.3456988552,"54":0.3511400977,"55":0.3563080842,"56":0.3615925864,"57":0.3668016791,"58":0.3720104531,"59":0.3753897458,"60":0.3797931805,"61":0.3848807837,"62":0.3892584734,"63":0.3935884488,"64":0.3984493785,"65":0.3874819105,"66":0.3816295121,"67":0.3758383538,"68":0.3705829821,"69":0.3652552896,"70":0.3600635504,"71":0.3549757545,"72":0.3502496849,"73":0.3453346117},"auroc":{"0":0.3519227669,"1":0.4362487812,