{"val_loss":{"0":0.5585883856,"1":0.4807224274,"2":0.3946048915,"3":0.3143592775,"4":0.2436574548,"5":0.1836211979,"6":0.1352439225,"7":0.0988580808,"8":0.0732495785,"9":0.0554128624,"10":0.0433879346},"val_auprc":{"0":0.000211861,"1":0.0002742466,"2":0.0002655119,"3":0.0002282566,"4":0.0003690824,"5":0.0002743887,"6":0.0002514026,"7":0.0002492476,"8":0.0002543173,"9":0.0002776434,"10":0.000279261},"val_auroc":{"0":0.2670857012,"1":0.2583368421,"2":0.2651818693,"3":0.2875524163,"4":0.305585295,"5":0.3180916309,"6":0.3266438246,"7":0.3326877952,"8":0.336686641,"9":0.3391708732,"10":0.3409959972},"val_acc":{"0":0.9978967309,"1":0.9978967309,"2":0.9978967309,"3":0.9978967309,"4":0.9978967309,"5":0.9978967309,"6":0.9978967309,"7":0.9978967309,"8":0.9978967309,"9":0.9978967309,"10":0.9978967309},"loss":{"0":0.6513163845,"1":0.5498571548,"2":0.4697644445,"3":0.383568469,"4":0.3045801475,"5":0.2356747813,"6":0.1772861133,"7":0.1297046438,"8":0.0933176212,"9":0.0666369675,"10":0.0471604743},"auprc":{"0":0.0002041753,"1":0.0003574848,"2":0.0002515176,"3":0.0002573287,"4":0.0002699832,"5":0.0003612715,"6":0.0002701086,"7":0.000275535,"8":0.000268269,"9":0.0002722677,"10":0.0002778866},"auroc":{"0":0.2774910452,"1":0.270022956,"2":0.2671125599,"3":0.2864205024,"4":0.3067570891,"5":0.3187047029,"6":0.3280990141,"7":0.3342040882,"8":0.3379259927,"9":0.3403507788,"10":0.3429064125},"acc":{"0":0.8175105069,"1":0.9994762449,"2":0.9996372365,"3":0.9996372433,"4":0.9996372354,"5":0.9996372739,"6":0.9996372712,"7":0.9996372407,"8":0.9996372516,"9":0.9996372459,"10":0.9996372422}}