{"val_loss":{"0":0.5167118311,"1":0.3925899267,"2":0.2765575945,"3":0.1829303354,"4":0.1150881052,"5":0.0730250105,"6":0.0488069579,"7":0.0358185917,"8":0.0297315065,"9":0.0271512344,"10":0.0261940118},"val_auprc":{"0":0.0002608087,"1":0.0001552126,"2":0.0003017014,"3":0.0001513504,"4":0.0001774537,"5":0.0002733504,"6":0.0002759357,"7":0.0002788274,"8":0.0002800358,"9":0.0002810149,"10":0.0002825189},"val_auroc":{"0":0.2479433566,"1":0.2575812042,"2":0.2894608974,"3":0.3119950891,"4":0.3245362639,"5":0.3322964013,"6":0.3363518715,"7":0.3385072052,"8":0.3393095136,"9":0.3398140073,"10":0.3423333466},"val_acc":{"0":0.9978967309,"1":0.9978967309,"2":0.9978967309,"3":0.9978967309,"4":0.9978967309,"5":0.9978967309,"6":0.9978967309,"7":0.9978967309,"8":0.9978967309,"9":0.9978967309,"10":0.9978967309},"loss":{"0":0.614743217,"1":0.4796756492,"2":0.3556992302,"3":0.2466304062,"4":0.1605729163,"5":0.0990630682,"6":0.0597809171,"7":0.0357723069,"8":0.0220176627,"9":0.0145658293,"10":0.0104756925},"auprc":{"0":0.0001517644,"1":0.0002187283,"2":0.000205664,"3":0.0002576661,"4":0.0002658927,"5":0.0002683053,"6":0.0002774035,"7":0.0002776334,"8":0.0002789517,"9":0.0002801171,"10":0.0002812394},"auroc":{"0":0.2666863763,"1":0.2609425901,"2":0.2836127257,"3":0.3097669666,"4":0.326077988,"5":0.3335657077,"6":0.3378041324,"7":0.3400626482,"8":0.3408960465,"9":0.3410296488,"10":0.3429834238},"acc":{"0":0.9044730373,"1":0.9996372432,"2":0.9996372437,"3":0.9996372521,"4":0.9996372483,"5":0.9996372444,"6":0.9996372374,"7":0.9996372457,"8":0.9996372463,"9":0.9996372591,"10":0.9996372495}}