{"val_loss":{"0":0.474781692,"1":0.3095470965,"2":0.1806324273,"3":0.0978382602,"4":0.0549518913,"5":0.035719756,"6":0.0285006892,"7":0.0262277313,"8":0.0256254934,"9":0.0254800282,"10":0.025277745,"11":0.0249211304,"12":0.0243943967,"13":0.0238334481,"14":0.023207318,"15":0.022392109,"16":0.0213311389,"17":0.0201137271,"18":0.0190951377,"19":0.0178120025,"20":0.0165012795},"val_auprc":{"0":0.0002680231,"1":0.0004124325,"2":0.0003163005,"3":0.0003872993,"4":0.0002735171,"5":0.0002789375,"6":0.0002804816,"7":0.0002819931,"8":0.0002848619,"9":0.0002887188,"10":0.0002927795,"11":0.0002966648,"12":0.0003002663,"13":0.0003035784,"14":0.0003066246,"15":0.0003094348,"16":0.0003120328,"17":0.0003144381,"18":0.0003166941,"19":0.0003187784,"20":0.0003207472},"val_auroc":{"0":0.2398690581,"1":0.2783936858,"2":0.3148080111,"3":0.328756392,"4":0.3354075551,"5":0.338953197,"6":0.3400172591,"7":0.3413912654,"8":0.3477725983,"9":0.3574904799,"10":0.3677026629,"11":0.3771641254,"12":0.3855971098,"13":0.393049866,"14":0.399646312,"15":0.4055128992,"16":0.4107517004,"17":0.4154448807,"18":0.4197128713,"19":0.4235398471,"20":0.4270563424},"val_acc":{"0":0.9978967309,"1":0.9978967309,"2":0.9978967309,"3":0.9978967309,"4":0.9978967309,"5":0.9978967309,"6":0.9978967309,"7":0.9978967309,"8":0.9978967309,"9":0.9978967309,"10":0.9978967309,"11":0.9978967309,"12":0.9978967309,"13":0.9978967309,"14":0.9978967309,"15":0.9978967309,"16":0.9978967309,"17":0.9978967309,"18":0.9978967309,"19":0.9978967309,"20":0.9978967309},"loss":{"0":0.6104813416,"1":0.431815387,"2":0.2743762634,"3":0.1568300549,"4":0.0822334619,"5":0.0415708997,"6":0.0218922637,"7":0.0129052565,"8":0.0087937845,"9":0.0069107121,"10":0.005913492,"11":0.0053493316,"12":0.0049583796,"13":0.0047349519,"14":0.0045324623,"15":0.0043206275,"16":0.004153504,"17":0.0039629495,"18":0.0037904229,"19":0.0035924696,"20":0.0034221266},"auprc":{"0":0.0002851743,"1":0.0002408745,"2":0.0002113231,"3":0.0002861093,"4":0.0002706813,"5":0.00027686,"6":0.0002790786,"7":0.000280615,"8":0.0002829882,"9":0.0002868223,"10":0.0002905621,"11":0.0002945317,"12":0.0002982473,"13":0.0003016099,"14":0.0003050358,"15":0.000307743,"16":0.0003103901,"17":0.0003128828,"18":0.0003155474,"19":0.0003172966,"20":0.0003194519},"auroc":{"0":0.2550914223,"1":0.2772641844,"2":0.3104350032,"3":0.3295386843,"4":0.3394292046,"5":0.3413626519,"6":0.3426122587,"7":0.343016207,"8":0.3469993756,"9":0.3548941299,"10":0.3654639731,"11":0.3750354555,"12":0.3836663926,"13":0.3914152992,"14":0.3978843111,"15":0.4041368405,"16":0.4095499847,"17":0.4143643315,"18":0.4184895014,"19":0.4227028879,"20":0.4261821936},"acc":{"0":0.9088821125,"1":0.9996372618,"2":0.9996372471,"3":0.9996372537,"4":0.9996372461,"5":0.999637242,"6":0.9996372552,"7":0.9996372603,"8":0.9996372618,"9":0.9996372537,"10":0.9996372428,"11":0.9996372428,"12":0.9996372559,"13":0.9996372471,"14":0.9996372603,"15":0.999637242,"16":0.9996372303,"17":0.9996372493,"18":0.9996372661,"19":0.9996372618,"20":0.9996372403}}