{"val_loss":{"0":0.0742082298,"1":0.0258488823,"2":0.0248433817,"3":0.0204654522,"4":0.0150191989,"5":0.0100166909,"6":0.0076410612,"7":0.0072899126,"8":0.0070343716,"9":0.0072057508,"10":0.006901647},"val_auprc":{"0":0.0001788377,"1":0.0002765711,"2":0.0002957205,"3":0.0003093285,"4":0.0003191045,"5":0.0003408159,"6":0.0003825211,"7":0.0004361516,"8":0.0004915179,"9":0.0005508432,"10":0.0006128123},"val_auroc":{"0":0.3166930079,"1":0.3314433694,"2":0.3804582953,"3":0.4094505906,"4":0.4273474813,"5":0.4594855905,"6":0.5032837391,"7":0.5427014828,"8":0.5730593204,"9":0.5987901688,"10":0.6205215454},"val_acc":{"0":0.9978967309,"1":0.9978967309,"2":0.9978967309,"3":0.9978967309,"4":0.9978967309,"5":0.9978967309,"6":0.9978967309,"7":0.9978967309,"8":0.9978967309,"9":0.9978967309,"10":0.9978967309},"loss":{"0":0.3288717398,"1":0.0258600524,"2":0.0056179987,"3":0.0042930603,"4":0.0034501115,"5":0.0027653041,"6":0.0023662841,"7":0.0022336612,"8":0.0022212612,"9":0.00221028,"10":0.0021643002},"auprc":{"0":0.0002372102,"1":0.0002697671,"2":0.0002845946,"3":0.0003008127,"4":0.0003110679,"5":0.000324317,"6":0.0003567968,"7":0.000404939,"8":0.000460144,"9":0.0005171898,"10":0.0005769585},"auroc":{"0":0.2997261207,"1":0.33131564,"2":0.3612231913,"3":0.3988239403,"4":0.4213916117,"5":0.4397642145,"6":0.4798140815,"7":0.5225996233,"8":0.558013096,"9":0.5854543252,"10":0.609376361},"acc":{"0":0.9837403758,"1":0.9996372506,"2":0.9996372522,"3":0.9996372522,"4":0.9996372498,"5":0.9996372496,"6":0.9996372439,"7":0.9996362316,"8":0.9996372445,"9":0.9996362326,"10":0.9996372506}}