{"val_loss":{"0":0.0339008151,"1":0.0339008151,"2":0.0339008151,"3":0.0339008151,"4":0.0339008151,"5":0.0339008151,"6":0.0339008151,"7":0.0339008151,"8":0.0339008151,"9":0.0339008151,"10":0.0339008151,"11":0.0339008151,"12":0.0339008151,"13":0.0339008151,"14":0.0339008151,"15":0.0339008151,"16":0.0339008151,"17":0.0339008151,"18":0.0339008151,"19":0.0339008151,"20":0.0339008151},"val_auprc":{"0":0.0003958925,"1":0.0003956335,"2":0.0003956111,"3":0.0003956196,"4":0.0003956334,"5":0.0003956471,"6":0.0003956596,"7":0.0003956707,"8":0.0003956806,"9":0.0003956893,"10":0.000395697,"11":0.000395704,"12":0.0003957102,"13":0.0003957158,"14":0.0003957209,"15":0.0003957255,"16":0.0003958491,"17":0.0003963756,"18":0.0003968481,"19":0.0003972743,"20":0.0003976608},"val_auroc":{"0":0.4991261911,"1":0.4995651883,"2":0.4997105865,"3":0.4997831123,"4":0.4998265725,"5":0.499855523,"6":0.4998761904,"7":0.4998916851,"8":0.4999037329,"9":0.499913369,"10":0.4999212514,"11":0.4999278186,"12":0.4999333753,"13":0.4999381367,"14":0.4999422654,"15":0.4999458751,"16":0.4999490456,"17":0.4999518146,"18":0.4999542974,"19":0.4999565361,"20":0.4999585662},"val_acc":{"0":0.9978967294,"1":0.9978967294,"2":0.9978967294,"3":0.9978967294,"4":0.9978967294,"5":0.9978967294,"6":0.9978967294,"7":0.9978967294,"8":0.9978967294,"9":0.9978967294,"10":0.9978967294,"11":0.9978967294,"12":0.9978967294,"13":0.9978967294,"14":0.9978967294,"15":0.9978967294,"16":0.9978967294,"17":0.9978967294,"18":0.9978967294,"19":0.9978967294,"20":0.9978967294},"loss":{"0":0.0061643077,"1":0.005846963,"2":0.005846963,"3":0.005846963,"4":0.005846963,"5":0.005846963,"6":0.0058469631,"7":0.005846963,"8":0.005846963,"9":0.005846963,"10":0.005846963,"11":0.005846963,"12":0.005846963,"13":0.005846963,"14":0.005846963,"15":0.005846963,"16":0.005846963,"17":0.005846963,"18":0.005846963,"19":0.005846963,"20":0.005846963},"auprc":{"0":0.0003497269,"1":0.0003807066,"2":0.000389185,"3":0.0003897704,"4":0.0003885284,"5":0.0003916484,"6":0.000392998,"7":0.0003930585,"8":0.0003930545,"9":0.0003940901,"10":0.0003937235,"11":0.0003935953,"12":0.0003941771,"13":0.000393643,"14":0.0003946403,"15":0.00039447,"16":0.0003943292,"17":0.0003948785,"18":0.0003958611,"19":0.0003956374,"20":0.0003964508},"auroc":{"0":0.4989005417,"1":0.4993969036,"2":0.499647886,"3":0.4997503943,"4":0.4998064915,"5":0.4998419452,"6":0.4998663985,"7":0.4998842897,"8":0.4998979503,"9":0.4999087234,"10":0.4999174377,"11":0.4999246321,"12":0.4999306725,"13":0.4999358163,"14":0.4999402491,"15":0.499944109,"16":0.4999474989,"17":0.4999504557,"18":0.4999530778,"19":0.4999554362,"20":0.4999575689},"acc":{"0":0.9996219643,"1":0.9996372488,"2":0.9996372488,"3":0.9996372488,"4":0.9996372488,"5":0.9996372488,"6":0.9996372488,"7":0.9996372488,"8":0.9996372488,"9":0.9996372488,"10":0.9996372488,"11":0.9996372488,"12":0.9996372488,"13":0.9996372488,"14":0.9996372488,"15":0.9996372488,"16":0.9996372488,"17":0.9996372488,"18":0.9996372488,"19":0.9996372488,"20":0.9996372488}}