{"val_loss":{"0":0.033900816,"1":0.033900816,"2":0.033900816,"3":0.033900816,"4":0.033900816,"5":0.033900816,"6":0.033900816,"7":0.033900816,"8":0.033900816,"9":0.033900816,"10":0.033900816},"val_auprc":{"0":0.00039697,"1":0.000396248,"2":0.000396051,"3":0.0003959658,"4":0.0003959205,"5":0.0003958933,"6":0.0003958757,"7":0.0003958637,"8":0.0003958551,"9":0.0003958488,"10":0.000395844},"val_auroc":{"0":0.4994250289,"1":0.4997138924,"2":0.4998095652,"3":0.4998572874,"4":0.4998858844,"5":0.4999049337,"6":0.4999185332,"7":0.4999287285,"8":0.4999366561,"9":0.4999429972,"10":0.4999481831},"val_acc":{"0":0.9978967295,"1":0.9978967295,"2":0.9978967295,"3":0.9978967295,"4":0.9978967295,"5":0.9978967295,"6":0.9978967295,"7":0.9978967295,"8":0.9978967295,"9":0.9978967295,"10":0.9978967295},"loss":{"0":0.0060500397,"1":0.0058469636,"2":0.0058469636,"3":0.0058469636,"4":0.0058469636,"5":0.0058469636,"6":0.0058469636,"7":0.0058469636,"8":0.0058469636,"9":0.0058469636,"10":0.0058469636},"auprc":{"0":0.0003522012,"1":0.0003814865,"2":0.0003896996,"3":0.0003901579,"4":0.0003888409,"5":0.000391914,"6":0.0003932293,"7":0.0003932633,"8":0.0003932384,"9":0.0003942578,"10":0.0003938772},"auroc":{"0":0.5004148503,"1":0.4996031599,"2":0.499768308,"3":0.4998357588,"4":0.499872671,"5":0.4998959997,"6":0.4999120899,"7":0.4999238624,"8":0.4999328512,"9":0.4999399398,"10":0.4999456738},"acc":{"0":0.9996290969,"1":0.9996372486,"2":0.9996372486,"3":0.9996372486,"4":0.9996372486,"5":0.9996372486,"6":0.9996372486,"7":0.9996372486,"8":0.9996372486,"9":0.9996372486,"10":0.9996372486}}