{"val_loss":{"0":0.0339008169,"1":0.0339008169,"2":0.0339008169,"3":0.0339008169,"4":0.0339008169,"5":0.0339008169,"6":0.0339008169,"7":0.0339008169,"8":0.0339008169,"9":0.0339008169,"10":0.0339008169},"val_auprc":{"0":0.0003948179,"1":0.0003950162,"2":0.0003951675,"3":0.0003952697,"4":0.0003953426,"5":0.0003953974,"6":0.0003954403,"7":0.0003954747,"8":0.0003955032,"9":0.000395527,"10":0.0003955474},"val_auroc":{"0":0.4988091861,"1":0.4994074428,"2":0.4996055892,"3":0.499704427,"4":0.4997636541,"5":0.4998031074,"6":0.499831273,"7":0.499852389,"8":0.4998688073,"9":0.4998819392,"10":0.4998926813},"val_acc":{"0":0.9978967294,"1":0.9978967294,"2":0.9978967294,"3":0.9978967294,"4":0.9978967294,"5":0.9978967294,"6":0.9978967294,"7":0.9978967294,"8":0.9978967294,"9":0.9978967294,"10":0.9978967294},"loss":{"0":0.006283789,"1":0.0058469633,"2":0.0058469633,"3":0.0058469633,"4":0.0058469633,"5":0.0058469633,"6":0.0058469632,"7":0.0058469633,"8":0.0058469633,"9":0.0058469633,"10":0.0058469633},"auprc":{"0":0.0003473975,"1":0.000379938,"2":0.0003886745,"3":0.0003893843,"4":0.0003882162,"5":0.0003913825,"6":0.0003927662,"7":0.0003928532,"8":0.0003928696,"9":0.0003939216,"10":0.0003935687},"auroc":{"0":0.4972835799,"1":0.4991781072,"2":0.4995201421,"3":0.4996598391,"4":0.4997362878,"5":0.4997846039,"6":0.4998179286,"7":0.4998423106,"8":0.4998609273,"9":0.4998756087,"10":0.4998874844},"acc":{"0":0.9996168693,"1":0.9996372486,"2":0.9996372486,"3":0.9996372486,"4":0.9996372486,"5":0.9996372486,"6":0.9996372486,"7":0.9996372486,"8":0.9996372486,"9":0.9996372486,"10":0.9996372486}}