{"val_loss":{"0":0.212841019,"1":0.0434512533,"2":0.0260750782,"3":0.0254533496,"4":0.0242906138,"5":0.0221049935,"6":0.0196331944,"7":0.0167270675,"8":0.0136528146,"9":0.0106775211,"10":0.0084131975,"11":0.0073810634,"12":0.0071744188,"13":0.006901599,"14":0.0071121561,"15":0.0069967066,"16":0.00686767,"17":0.006875928,"18":0.0070006833,"19":0.006659097,"20":0.0065526608},"val_auprc":{"0":0.0003866637,"1":0.0002700976,"2":0.0002772556,"3":0.0002884916,"4":0.000299124,"5":0.0003075279,"6":0.0003142809,"7":0.0003198432,"8":0.000325396,"9":0.0003375441,"10":0.0003580464,"11":0.0003848931,"12":0.0004163245,"13":0.000448893,"14":0.0004832245,"15":0.0005191524,"16":0.0005566858,"17":0.0005955041,"18":0.0006357031,"19":0.0006754501,"20":0.0007179871},"val_auroc":{"0":0.2977970243,"1":0.3243204355,"2":0.3346814215,"3":0.362519592,"4":0.3874316812,"5":0.4051226676,"6":0.4180681705,"7":0.4279103279,"8":0.4370480776,"9":0.4547490776,"10":0.4789099395,"11":0.5042822361,"12":0.5283270478,"13":0.5488146544,"14":0.5670211911,"15":0.5836092234,"16":0.5988488793,"17":0.6126837134,"18":0.6254475117,"19":0.6363790631,"20":0.6469581723},"val_acc":{"0":0.9978967309,"1":0.9978967309,"2":0.9978967309,"3":0.9978967309,"4":0.9978967309,"5":0.9978967309,"6":0.9978967309,"7":0.9978967309,"8":0.9978967309,"9":0.9978967309,"10":0.9978967309,"11":0.9978967309,"12":0.9978967309,"13":0.9978967309,"14":0.9978967309,"15":0.9978967309,"16":0.9978967309,"17":0.9978967309,"18":0.9978967309,"19":0.9978967309,"20":0.9978967309},"loss":{"0":0.4472699922,"1":0.1120913977,"2":0.0190286032,"3":0.0069379442,"4":0.0051231882,"5":0.004478345,"6":0.0039868455,"7":0.0035755337,"8":0.0031655428,"9":0.002767766,"10":0.0024599035,"11":0.0023166013,"12":0.0022589157,"13":0.0022333265,"14":0.0022222963,"15":0.0021797319,"16":0.0021609473,"17":0.0021615398,"18":0.0021460648,"19":0.0021094231,"20":0.0021021225},"auprc":{"0":0.0002464557,"1":0.0002617154,"2":0.0002724733,"3":0.0002811965,"4":0.0002916357,"5":0.0003021412,"6":0.0003101109,"7":0.0003160849,"8":0.0003213963,"9":0.000329401,"10":0.000344907,"11":0.0003685141,"12":0.0003986962,"13":0.0004292768,"14":0.0004649176,"15":0.0004996945,"16":0.000535548,"17":0.0005734069,"18":0.0006144848,"19":0.0006519619,"20":0.0006942758},"auroc":{"0":0.277538362,"1":0.3244793866,"2":0.3342597732,"3":0.3521456728,"4":0.3801418779,"5":0.3989366066,"6":0.4131851446,"7":0.4242940751,"8":0.4334225612,"9":0.4447028226,"10":0.4656995897,"11":0.4910272198,"12":0.5163548133,"13":0.5381098988,"14":0.558190884,"15":0.5755823414,"16":0.5912380371,"17":0.6055871054,"18":0.6192958831,"19":0.630663016,"20":0.6416031558},"acc":{"0":0.9734447576,"1":0.9996372435,"2":0.9996372538,"3":0.9996372521,"4":0.9996372386,"5":0.9996372538,"6":0.9996372549,"7":0.9996372501,"8":0.9996372404,"9":0.9996372422,"10":0.9996372514,"11":0.9996372545,"12":0.9996372421,"13":0.9996352124,"14":0.9996372477,"15":0.9996372415,"16":0.9996372435,"17":0.99963725,"18":0.9996372514,"19":0.9996372462,"20":0.9996372548}}