{"val_loss":{"0":0.0339008157,"1":0.0339008157,"2":0.0339008157,"3":0.0339008157,"4":0.0339008157,"5":0.0339008157,"6":0.0339008157,"7":0.0339008157,"8":0.0339008157,"9":0.0339008157,"10":0.0339008157},"val_auprc":{"0":0.0003964871,"1":0.0003959734,"2":0.0003958547,"3":0.0003958115,"4":0.0003957926,"5":0.0003957837,"6":0.0003957795,"7":0.0003957778,"8":0.0003957775,"9":0.0003957778,"10":0.0003957787},"val_auroc":{"0":0.4992942874,"1":0.4996488344,"2":0.4997662619,"3":0.4998248357,"4":0.4998599354,"5":0.4998833167,"6":0.4999000081,"7":0.499912522,"8":0.4999222527,"9":0.4999300336,"10":0.4999364001},"val_acc":{"0":0.9978967294,"1":0.9978967294,"2":0.9978967294,"3":0.9978967294,"4":0.9978967294,"5":0.9978967294,"6":0.9978967294,"7":0.9978967294,"8":0.9978967294,"9":0.9978967294,"10":0.9978967294},"loss":{"0":0.0060950831,"1":0.0058469634,"2":0.0058469634,"3":0.0058469634,"4":0.0058469634,"5":0.0058469634,"6":0.0058469634,"7":0.0058469634,"8":0.0058469634,"9":0.0058469634,"10":0.0058469634},"auprc":{"0":0.000351082,"1":0.0003811372,"2":0.0003894696,"3":0.0003899848,"4":0.0003887015,"5":0.0003917956,"6":0.0003931262,"7":0.0003931722,"8":0.0003931565,"9":0.0003941831,"10":0.0003938087},"auroc":{"0":0.4997452865,"1":0.4995129227,"2":0.4997156233,"3":0.4997984119,"4":0.4998437175,"5":0.4998723509,"6":0.4998920999,"7":0.4999065494,"8":0.499917582,"9":0.4999262826,"10":0.4999333205},"acc":{"0":0.9996250209,"1":0.9996372485,"2":0.9996372485,"3":0.9996372485,"4":0.9996372485,"5":0.9996372485,"6":0.9996372485,"7":0.9996372485,"8":0.9996372485,"9":0.9996372485,"10":0.9996372485}}