{"val_loss":{"0":0.0339008157,"1":0.0339008157,"2":0.0339008157,"3":0.0339008157,"4":0.0339008157,"5":0.0339008157,"6":0.0339008157,"7":0.0339008157,"8":0.0339008157,"9":0.0339008157,"10":0.0339008157,"11":0.0339008157,"12":0.0339008157,"13":0.0339008157,"14":0.0339008157,"15":0.0339008157,"16":0.0339008157,"17":0.0339008157,"18":0.0339008157,"19":0.0339008157,"20":0.0339008157},"val_auprc":{"0":0.0003962267,"1":0.000395825,"2":0.0003957486,"3":0.0003957279,"4":0.0003957233,"5":0.0003957243,"6":0.0003957274,"7":0.0003957313,"8":0.0003957354,"9":0.0003957394,"10":0.0003957432,"11":0.0003957468,"12":0.0003957502,"13":0.0003957534,"14":0.0003957563,"15":0.0003957591,"16":0.0003956254,"17":0.0003950318,"18":0.0003945016,"19":0.0003940262,"20":0.0003935974},"val_auroc":{"0":0.4992226054,"1":0.499613165,"2":0.4997425204,"3":0.4998070436,"4":0.4998457084,"5":0.4998714645,"6":0.4998898515,"7":0.4999036364,"8":0.4999143549,"9":0.4999229278,"10":0.4999299402,"11":0.4999357841,"12":0.4999407262,"13":0.4999449618,"14":0.4999486343,"15":0.4999518472,"16":0.499954696,"17":0.499957279,"18":0.4999595814,"19":0.4999616533,"20":0.4999635172},"val_acc":{"0":0.9978967294,"1":0.9978967294,"2":0.9978967294,"3":0.9978967294,"4":0.9978967294,"5":0.9978967294,"6":0.9978967294,"7":0.9978967294,"8":0.9978967294,"9":0.9978967294,"10":0.9978967294,"11":0.9978967294,"12":0.9978967294,"13":0.9978967294,"14":0.9978967294,"15":0.9978967294,"16":0.9978967294,"17":0.9978967294,"18":0.9978967294,"19":0.9978967294,"20":0.9978967294},"loss":{"0":0.0060851724,"1":0.0058469634,"2":0.0058469634,"3":0.0058469634,"4":0.0058469634,"5":0.0058469634,"6":0.0058469634,"7":0.0058469634,"8":0.0058469634,"9":0.0058469634,"10":0.0058469634,"11":0.0058469634,"12":0.0058469634,"13":0.0058469634,"14":0.0058469634,"15":0.0058469634,"16":0.0058469634,"17":0.0058469634,"18":0.0058469634,"19":0.0058469634,"20":0.0058469634},"auprc":{"0":0.0003505257,"1":0.0003809513,"2":0.0003893468,"3":0.0003898923,"4":0.000388627,"5":0.0003917322,"6":0.000393071,"7":0.0003931233,"8":0.0003931126,"9":0.0003941431,"10":0.000393772,"11":0.0003936403,"12":0.0003942191,"13":0.0003936822,"14":0.0003946773,"15":0.0003945048,"16":0.0003943369,"17":0.0003940871,"18":0.0003940114,"19":0.0003928424,"20":0.0003927983},"auroc":{"0":0.4994702633,"1":0.4994634485,"2":0.4996867382,"3":0.4997779358,"4":0.4998278433,"5":0.4998593851,"6":0.4998811401,"7":0.4998970572,"8":0.4999092106,"9":0.4999187949,"10":0.4999265476,"11":0.4999329482,"12":0.4999383222,"13":0.4999428984,"14":0.4999468421,"15":0.4999502761,"16":0.4999532948,"17":0.4999560137,"18":0.4999584531,"19":0.4999606362,"20":0.499962601},"acc":{"0":0.9996250209,"1":0.9996372485,"2":0.9996372485,"3":0.9996372485,"4":0.9996372485,"5":0.9996372485,"6":0.9996372485,"7":0.9996372485,"8":0.9996372485,"9":0.9996372485,"10":0.9996372485,"11":0.9996372485,"12":0.9996372485,"13":0.9996372485,"14":0.9996372485,"15":0.9996372485,"16":0.9996372485,"17":0.9996372485,"18":0.9996372485,"19":0.9996372485,"20":0.9996372485}}