{"val_loss":{"0":0.0253907759,"1":0.0166542232,"2":0.0076950649,"3":0.0072904387,"4":0.0065886406,"5":0.0068693371,"6":0.0068027675,"7":0.0069724843,"8":0.0064795413,"9":0.006818085,"10":0.0059807869},"val_auprc":{"0":0.0002855893,"1":0.0003177164,"2":0.000385176,"3":0.0005095493,"4":0.0006547988,"5":0.0008158986,"6":0.0009796578,"7":0.0012191903,"8":0.0017457092,"9":0.0021600607,"10":0.0028576716},"val_auroc":{"0":0.3562199771,"1":0.4248204231,"2":0.5039015412,"3":0.5782186985,"4":0.6290123463,"5":0.6657071114,"6":0.6910120249,"7":0.7126541138,"8":0.7294402122,"9":0.7432285547,"10":0.7558521032},"val_acc":{"0":0.9978967309,"1":0.9978967309,"2":0.9978967309,"3":0.9978967309,"4":0.9978967309,"5":0.9978967309,"6":0.9978967309,"7":0.9978967309,"8":0.9978967309,"9":0.9978967309,"10":0.9978967309},"loss":{"0":0.1513738613,"1":0.0043408072,"2":0.0026758856,"3":0.0022375066,"4":0.0021839863,"5":0.0021346271,"6":0.0020868168,"7":0.0020420749,"8":0.0020077692,"9":0.0019732363,"10":0.0019071936},"auprc":{"0":0.0002473077,"1":0.0002977009,"2":0.0003335188,"3":0.0004331598,"4":0.000560703,"5":0.0007187353,"6":0.0008837632,"7":0.0011272717,"8":0.0014577782,"9":0.0018959201,"10":0.0025047627},"auroc":{"0":0.3289653126,"1":0.4028544867,"2":0.4532495597,"3":0.5404539719,"4":0.6018244232,"5":0.6464651942,"6":0.6772656662,"7":0.7013885579,"8":0.7207714954,"9":0.73571894,"10":0.749325892},"acc":{"0":0.9931698763,"1":0.999637248,"2":0.9996372467,"3":0.9996352095,"4":0.999636229,"5":0.9996372496,"6":0.999635208,"7":0.9996382704,"8":0.9996382689,"9":0.9996382674,"10":0.9996433616}}