{"val_loss":{"0":0.4747826159,"1":0.3096347451,"2":0.1807240844,"3":0.0973400399,"4":0.0547626056,"5":0.0355253369,"6":0.0284860674,"7":0.0263307746,"8":0.025819283,"9":0.0257028863,"10":0.0255668946,"11":0.0252580103,"12":0.0248000417,"13":0.0242564958,"14":0.0235315748,"15":0.0226367954,"16":0.021588508,"17":0.0203610472,"18":0.0191840287,"19":0.0179403331,"20":0.0166871492},"val_auprc":{"0":0.0003953247,"1":0.0003046575,"2":0.0002650647,"3":0.0003330873,"4":0.0002762132,"5":0.0002776889,"6":0.000279349,"7":0.0002810806,"8":0.0002841387,"9":0.0002880934,"10":0.0002922367,"11":0.0002961968,"12":0.0002998488,"13":0.0003032121,"14":0.0003063052,"15":0.0003091525,"16":0.0003117806,"17":0.0003142128,"18":0.0003164928,"19":0.0003185964,"20":0.0003205835},"val_auroc":{"0":0.2430173606,"1":0.2767874599,"2":0.3098356724,"3":0.3257912397,"4":0.3340343237,"5":0.3379808068,"6":0.3392472267,"7":0.3410948515,"8":0.3478542566,"9":0.3576729894,"10":0.3679573536,"11":0.3774812222,"12":0.3859248459,"13":0.3934017718,"14":0.4000200629,"15":0.4058937728,"16":0.4111311436,"17":0.4158215821,"18":0.4200858772,"19":0.4239047468,"20":0.427414},"val_acc":{"0":0.9978967309,"1":0.9978967309,"2":0.9978967309,"3":0.9978967309,"4":0.9978967309,"5":0.9978967309,"6":0.9978967309,"7":0.9978967309,"8":0.9978967309,"9":0.9978967309,"10":0.9978967309,"11":0.9978967309,"12":0.9978967309,"13":0.9978967309,"14":0.9978967309,"15":0.9978967309,"16":0.9978967309,"17":0.9978967309,"18":0.9978967309,"19":0.9978967309,"20":0.9978967309},"loss":{"0":0.6023632126,"1":0.4245800433,"2":0.2687590616,"3":0.1527738018,"4":0.0796171922,"5":0.0402089854,"6":0.0210295814,"7":0.0124834426,"8":0.0086751993,"9":0.0068456886,"10":0.0058777511,"11":0.0053400341,"12":0.0049950917,"13":0.0047336413,"14":0.0045384861,"15":0.0043167762,"16":0.0041359507,"17":0.0039445203,"18":0.0037748506,"19":0.0035582182,"20":0.0033971299},"auprc":{"0":0.0001204176,"1":0.0002123198,"2":0.0002341874,"3":0.000274075,"4":0.0002703687,"5":0.0002752463,"6":0.0002779116,"7":0.0002796549,"8":0.0002819757,"9":0.000285998,"10":0.0002899451,"11":0.0002938843,"12":0.0002978278,"13":0.0003011499,"14":0.0003046888,"15":0.0003074217,"16":0.0003101087,"17":0.000312649,"18":0.0003152099,"19":0.0003170498,"20":0.0003193076},"auroc":{"0":0.2555317458,"1":0.2752736222,"2":0.3049036786,"3":0.3257989271,"4":0.3375575073,"5":0.3401521975,"6":0.3414206962,"7":0.3420325772,"8":0.3471417345,"9":0.3549961385,"10":0.3654028558,"11":0.3752548532,"12":0.3836991496,"13":0.391617438,"14":0.3980756668,"15":0.404375288,"16":0.409801106,"17":0.4146106383,"18":0.4188464611,"19":0.423006319,"20":0.4264374764},"acc":{"0":0.9170277078,"1":0.9996372399,"2":0.9996372434,"3":0.9996372435,"4":0.9996372536,"5":0.9996372609,"6":0.9996372435,"7":0.9996372221,"8":0.9996372396,"9":0.9996372298,"10":0.9996372397,"11":0.9996372573,"12":0.9996372571,"13":0.9996372607,"14":0.9996372471,"15":0.9996372433,"16":0.9996372395,"17":0.9996372397,"18":0.9996372434,"19":0.9996372437,"20":0.9996372399}}