{"val_loss":{"0":0.558583498,"1":0.4747715294,"2":0.3888085485,"3":0.3094860017,"4":0.2398907244,"5":0.180673033,"6":0.133043021,"7":0.0973570645,"8":0.0722712204,"9":0.0548035875,"10":0.0431424268},"val_auprc":{"0":0.0002762881,"1":0.0002136686,"2":0.0001307248,"3":0.0002708375,"4":0.0002565164,"5":0.0003167398,"6":0.0001561517,"7":0.0002684266,"8":0.0002731462,"9":0.0002786036,"10":0.0002804488},"val_auroc":{"0":0.2533507049,"1":0.2609127164,"2":0.2693887055,"3":0.2911031246,"4":0.3078742921,"5":0.3194987178,"6":0.327317059,"7":0.333124131,"8":0.3370614052,"9":0.3395713568,"10":0.3413801491},"val_acc":{"0":0.9978967309,"1":0.9978967309,"2":0.9978967309,"3":0.9978967309,"4":0.9978967309,"5":0.9978967309,"6":0.9978967309,"7":0.9978967309,"8":0.9978967309,"9":0.9978967309,"10":0.9978967309},"loss":{"0":0.6626141134,"1":0.5547116577,"2":0.4707484567,"3":0.3846744874,"4":0.3058314724,"5":0.2371478347,"6":0.1786123568,"7":0.130817891,"8":0.0942283056,"9":0.0674030317,"10":0.0477645728},"auprc":{"0":0.0001926642,"1":0.0002986438,"2":0.0002248126,"3":0.000267501,"4":0.0002987825,"5":0.0002902586,"6":0.0002737482,"7":0.000267311,"8":0.0003023561,"9":0.0002825247,"10":0.000279697},"auroc":{"0":0.261229862,"1":0.2726872882,"2":0.2715916352,"3":0.292852012,"4":0.3118807528,"5":0.3224813735,"6":0.3291519062,"7":0.3344543034,"8":0.3390702633,"9":0.3410276904,"10":0.3432717636},"acc":{"0":0.7749055245,"1":0.9994324427,"2":0.9996372513,"3":0.9996372565,"4":0.9996372427,"5":0.9996372253,"6":0.9996372513,"7":0.9996372501,"8":0.9996372584,"9":0.9996372501,"10":0.9996372565}}