{"val_loss":{"0":0.558576107,"1":0.4851933122,"2":0.3991073072,"3":0.3177868128,"4":0.2467951775,"5":0.1861041486,"6":0.1379020512,"7":0.1007017866,"8":0.0745121762,"9":0.0562927127,"10":0.0439593047,"11":0.0361925438,"12":0.0314309113,"13":0.0286743157,"14":0.0271888487,"15":0.0264133159,"16":0.026026655,"17":0.0258381888,"18":0.0257414691,"19":0.0256388728,"20":0.0255365558},"val_auprc":{"0":0.0003848601,"1":0.0002082294,"2":0.0004128108,"3":0.0002489479,"4":0.0001169665,"5":0.0000759586,"6":0.0003680725,"7":0.0003221793,"8":0.0002483023,"9":0.000286194,"10":0.000280975,"11":0.0002826455,"12":0.0002832451,"13":0.0002839499,"14":0.0002845663,"15":0.0002853525,"16":0.000286474,"17":0.0002879634,"18":0.0002897209,"19":0.0002916168,"20":0.0002935509},"val_auroc":{"0":0.2488772571,"1":0.2708403468,"2":0.2695099115,"3":0.2883870602,"4":0.3070614934,"5":0.3202145398,"6":0.329041481,"7":0.3352838755,"8":0.3394604921,"9":0.3419803381,"10":0.3437594175,"11":0.3449215293,"12":0.3454618454,"13":0.3457428813,"14":0.3459995091,"15":0.3469822705,"16":0.3491590619,"17":0.3526192904,"18":0.3569763303,"19":0.3617611229,"20":0.3666305542},"val_acc":{"0":0.9978967309,"1":0.9978967309,"2":0.9978967309,"3":0.9978967309,"4":0.9978967309,"5":0.9978967309,"6":0.9978967309,"7":0.9978967309,"8":0.9978967309,"9":0.9978967309,"10":0.9978967309,"11":0.9978967309,"12":0.9978967309,"13":0.9978967309,"14":0.9978967309,"15":0.9978967309,"16":0.9978967309,"17":0.9978967309,"18":0.9978967309,"19":0.9978967309,"20":0.9978967309},"loss":{"0":0.6690901261,"1":0.5591162343,"2":0.4852682501,"3":0.3987064259,"4":0.3174314367,"5":0.2469301229,"6":0.1864475952,"7":0.1376944153,"8":0.0991692094,"9":0.0709112677,"10":0.0502617465,"11":0.0355405234,"12":0.0256438209,"13":0.0189273246,"14":0.0144710189,"15":0.0114908585,"16":0.0095254006,"17":0.0082126143,"18":0.0072860392,"19":0.0066468051,"20":0.0061453803},"auprc":{"0":0.0001742575,"1":0.0001872011,"2":0.0001982676,"3":0.0002908376,"4":0.0002805763,"5":0.000262559,"6":0.0002845882,"7":0.0002711287,"8":0.0002989826,"9":0.0002803573,"10":0.0002795964,"11":0.0002814804,"12":0.000282431,"13":0.0002833193,"14":0.0002840525,"15":0.0002846553,"16":0.0002857414,"17":0.0002872126,"18":0.0002890394,"19":0.000290782,"20":0.0002926783},"auroc":{"0":0.2567238919,"1":0.2820794483,"2":0.2752792114,"3":0.2905854187,"4":0.3108803206,"5":0.3233651254,"6":0.3318215427,"7":0.3370496758,"8":0.3419875113,"9":0.3437354109,"10":0.3462006042,"11":0.3472161239,"12":0.3476915985,"13":0.3473676435,"14":0.3471961386,"15":0.3484976668,"16":0.3504320433,"17":0.3536381282,"18":0.3576218501,"19":0.3626156797,"20":0.3674575819},"acc":{"0":0.7506185184,"1":0.9994181932,"2":0.9996372679,"3":0.9996372406,"4":0.9996372571,"5":0.9996372679,"6":0.9996372461,"7":0.9996372622,"8":0.9996372461,"9":0.999637273,"10":0.9996372246,"11":0.9996372246,"12":0.9996372354,"13":0.9996372569,"14":0.9996372622,"15":0.9996372679,"16":0.9996372246,"17":0.9996372246,"18":0.9996372244,"19":0.9996372247,"20":0.9996372573}}