{"val_loss":{"0":0.474778533,"1":0.309622407,"2":0.1818885356,"3":0.0979798436,"4":0.0551016405,"5":0.0357223786,"6":0.0285623055,"7":0.0264044385,"8":0.0258923396,"9":0.0257870816,"10":0.0256647374,"11":0.0253903363,"12":0.0249760412,"13":0.0243744534,"14":0.0236192793,"15":0.0227658339,"16":0.021776326,"17":0.0205572564,"18":0.0194154978,"19":0.0182338282,"20":0.0170272142},"val_auprc":{"0":0.0003621456,"1":0.0002623017,"2":0.0001719486,"3":0.0002656705,"4":0.0002757586,"5":0.0002768034,"6":0.0002788666,"7":0.0002807787,"8":0.0002839616,"9":0.0002880142,"10":0.0002921989,"11":0.0002961975,"12":0.0002998808,"13":0.0003032633,"14":0.0003063651,"15":0.0003092182,"16":0.0003118549,"17":0.000314296,"18":0.000316584,"19":0.0003186969,"20":0.0003206696},"val_auroc":{"0":0.2467352003,"1":0.2744644284,"2":0.308147639,"3":0.3241349757,"4":0.3322464824,"5":0.3364513516,"6":0.338340342,"7":0.3408320546,"8":0.3479623199,"9":0.3580275774,"10":0.3683698773,"11":0.3779404759,"12":0.3864117861,"13":0.3938887119,"14":0.4004861712,"15":0.4063373506,"16":0.4115617275,"17":0.4162428081,"18":0.4204976559,"19":0.4243113995,"20":0.4277748466},"val_acc":{"0":0.9978967309,"1":0.9978967309,"2":0.9978967309,"3":0.9978967309,"4":0.9978967309,"5":0.9978967309,"6":0.9978967309,"7":0.9978967309,"8":0.9978967309,"9":0.9978967309,"10":0.9978967309,"11":0.9978967309,"12":0.9978967309,"13":0.9978967309,"14":0.9978967309,"15":0.9978967309,"16":0.9978967309,"17":0.9978967309,"18":0.9978967309,"19":0.9978967309,"20":0.9978967309},"loss":{"0":0.5949040021,"1":0.4178737544,"2":0.2636897641,"3":0.1502912417,"4":0.0782597737,"5":0.0395913322,"6":0.0207169116,"7":0.0123122286,"8":0.0086207737,"9":0.0068437968,"10":0.0059368399,"11":0.0053560032,"12":0.0050247627,"13":0.004758,"14":0.0045733619,"15":0.0044075421,"16":0.0042052336,"17":0.0039849146,"18":0.0038231354,"19":0.0036371784,"20":0.0034573661},"auprc":{"0":0.0002235213,"1":0.000218328,"2":0.0002326112,"3":0.0002555667,"4":0.0002737205,"5":0.0002749105,"6":0.0002774219,"7":0.0002792401,"8":0.0002816718,"9":0.0002858778,"10":0.0002898854,"11":0.0002938504,"12":0.0002978348,"13":0.0003010648,"14":0.000304698,"15":0.000307547,"16":0.0003101527,"17":0.0003127841,"18":0.0003153132,"19":0.0003171281,"20":0.0003193813},"auroc":{"0":0.2612818646,"1":0.2720036177,"2":0.3017372675,"3":0.3232302794,"4":0.3350727155,"5":0.3384566388,"6":0.3398590423,"7":0.3415213449,"8":0.34713215,"9":0.3550916804,"10":0.3656446645,"11":0.3755919593,"12":0.3840795822,"13":0.3921582122,"14":0.3985141805,"15":0.4046892451,"16":0.4101933387,"17":0.4149341601,"18":0.4192010552,"19":0.4233825023,"20":0.4267968678},"acc":{"0":0.9247311043,"1":0.9996372424,"2":0.9996372488,"3":0.9996372495,"4":0.999637242,"5":0.999637249,"6":0.9996372422,"7":0.9996372565,"8":0.9996372477,"9":0.9996372402,"10":0.9996372634,"11":0.9996372347,"12":0.9996372431,"13":0.9996372413,"14":0.9996372415,"15":0.9996372338,"16":0.9996372431,"17":0.9996372634,"18":0.9996372474,"19":0.9996372504,"20":0.9996372497}}