{"val_loss":{"0":0.0339008199,"1":0.0339008199,"2":0.0339008199,"3":0.0339008199,"4":0.0339008199,"5":0.0339008199,"6":0.0339008199,"7":0.0339008199,"8":0.0339008199,"9":0.0339008199,"10":0.0339008199},"val_auprc":{"0":0.0003959043,"1":0.0003956403,"2":0.000395616,"3":0.0003956235,"4":0.0003956366,"5":0.0003956499,"6":0.000395662,"7":0.0003956729,"8":0.0003956825,"9":0.0003956911,"10":0.0003956987},"val_auroc":{"0":0.499129726,"1":0.4995669471,"2":0.4997117572,"3":0.4997839894,"4":0.4998272737,"5":0.499856107,"6":0.4998766913,"7":0.4998921228,"8":0.4999041224,"9":0.4999137187,"10":0.499921569},"val_acc":{"0":0.9978967294,"1":0.9978967294,"2":0.9978967294,"3":0.9978967294,"4":0.9978967294,"5":0.9978967294,"6":0.9978967294,"7":0.9978967294,"8":0.9978967294,"9":0.9978967294,"10":0.9978967294},"loss":{"0":0.0061524428,"1":0.0058469636,"2":0.0058469636,"3":0.0058469636,"4":0.0058469636,"5":0.0058469636,"6":0.0058469636,"7":0.0058469636,"8":0.0058469636,"9":0.0058469636,"10":0.0058469636},"auprc":{"0":0.0003497596,"1":0.0003807155,"2":0.0003891908,"3":0.0003897748,"4":0.0003885319,"5":0.0003916513,"6":0.0003930006,"7":0.0003930609,"8":0.0003930565,"9":0.000394092,"10":0.0003937251},"auroc":{"0":0.4989170041,"1":0.499399343,"2":0.4996493102,"3":0.4997514038,"4":0.4998072741,"5":0.4998425845,"6":0.4998669388,"7":0.4998847576,"8":0.499898363,"9":0.4999090925,"10":0.4999177716},"acc":{"0":0.9996199264,"1":0.9996372488,"2":0.9996372488,"3":0.9996372488,"4":0.9996372488,"5":0.9996372488,"6":0.9996372488,"7":0.9996372488,"8":0.9996372488,"9":0.9996372488,"10":0.9996372488}}