{"val_loss":{"0":0.242697686,"1":0.0551779382,"2":0.0270501506,"3":0.0256941095,"4":0.0250379015,"5":0.0234632306,"6":0.0212556571,"7":0.0186977498,"8":0.0158842187,"9":0.0131977862,"10":0.010589716},"val_auprc":{"0":0.0003419069,"1":0.0002654817,"2":0.0002778494,"3":0.0002861924,"4":0.0002964256,"5":0.0003048447,"6":0.0003116717,"7":0.0003173166,"8":0.0003221337,"9":0.0003278367,"10":0.0003393527},"val_auroc":{"0":0.2901841998,"1":0.3257568777,"2":0.3348167539,"3":0.3542365432,"4":0.3792932034,"5":0.3979964852,"6":0.4118207097,"7":0.4223678112,"8":0.4307595491,"9":0.4400392175,"10":0.4565753043},"val_acc":{"0":0.9978967309,"1":0.9978967309,"2":0.9978967309,"3":0.9978967309,"4":0.9978967309,"5":0.9978967309,"6":0.9978967309,"7":0.9978967309,"8":0.9978967309,"9":0.9978967309,"10":0.9978967309},"loss":{"0":0.4787791884,"1":0.1438588411,"2":0.0279894917,"3":0.008512888,"4":0.0055740981,"5":0.0047354459,"6":0.0042735725,"7":0.0038795389,"8":0.0034744012,"9":0.0030965009,"10":0.0027795552},"auprc":{"0":0.0002211724,"1":0.0002592312,"2":0.0002738231,"3":0.0002801505,"4":0.0002893329,"5":0.0002996073,"6":0.0003075247,"7":0.0003136228,"8":0.000318756,"9":0.0003241357,"10":0.0003314864},"auroc":{"0":0.2849966867,"1":0.3268148538,"2":0.3376491003,"3":0.3475145589,"4":0.372426754,"5":0.3917015503,"6":0.4068146865,"7":0.4186225331,"8":0.4278060355,"9":0.435735455,"10":0.4474931243},"acc":{"0":0.9687116637,"1":0.9996372447,"2":0.9996372482,"3":0.999637259,"4":0.999637259,"5":0.9996372459,"6":0.9996372394,"7":0.999637259,"8":0.9996372371,"9":0.9996372613,"10":0.9996372459}}