{"val_loss":{"0":0.3107209504,"1":0.0984423533,"2":0.0355252735,"3":0.026278805,"4":0.0255702026,"5":0.025105603,"6":0.0240321066,"7":0.022456402,"8":0.0204039495,"9":0.0182907879,"10":0.0159800258,"11":0.0136006726,"12":0.0111950701,"13":0.009180218,"14":0.0080590304,"15":0.0074699107,"16":0.0070277369,"17":0.0068784836,"18":0.0070530474,"19":0.0067248899,"20":0.0066562104},"val_auprc":{"0":0.0001352212,"1":0.000159657,"2":0.0002760679,"3":0.0002797297,"4":0.0002871354,"5":0.0002954189,"6":0.0003025572,"7":0.0003085636,"8":0.0003136691,"9":0.0003181138,"10":0.0003219553,"11":0.0003258256,"12":0.0003339057,"13":0.0003469986,"14":0.0003652242,"15":0.0003863556,"16":0.0004082518,"17":0.0004325952,"18":0.0004575451,"19":0.0004823337,"20":0.0005080363},"val_auroc":{"0":0.2818310261,"1":0.3196660876,"2":0.3333475888,"3":0.3380167484,"4":0.3560581207,"5":0.3764280975,"6":0.392668277,"7":0.4053078294,"8":0.4153244197,"9":0.4235178828,"10":0.4302095771,"11":0.4366197884,"12":0.4489332736,"13":0.4660400152,"14":0.4861007035,"15":0.5056273341,"16":0.522965014,"17":0.5396626592,"18":0.5544772148,"19":0.5675855875,"20":0.5796329379},"val_acc":{"0":0.9978967309,"1":0.9978967309,"2":0.9978967309,"3":0.9978967309,"4":0.9978967309,"5":0.9978967309,"6":0.9978967309,"7":0.9978967309,"8":0.9978967309,"9":0.9978967309,"10":0.9978967309,"11":0.9978967309,"12":0.9978967309,"13":0.9978967309,"14":0.9978967309,"15":0.9978967309,"16":0.9978967309,"17":0.9978967309,"18":0.9978967309,"19":0.9978967309,"20":0.9978967309},"loss":{"0":0.5150833853,"1":0.2146805825,"2":0.0605071424,"3":0.0168459069,"4":0.0077322386,"5":0.0056659859,"6":0.0048984002,"7":0.0044267267,"8":0.004130893,"9":0.0037890881,"10":0.0034850808,"11":0.0031179934,"12":0.0028185238,"13":0.0025507764,"14":0.0023947852,"15":0.0022860625,"16":0.0022777913,"17":0.00224298,"18":0.002239845,"19":0.0022158622,"20":0.0021948054},"auprc":{"0":0.0002102061,"1":0.0002614929,"2":0.000272578,"3":0.000276522,"4":0.0002813184,"5":0.0002903789,"6":0.0002985515,"7":0.0003049333,"8":0.0003102108,"9":0.0003154596,"10":0.0003192881,"11":0.0003230069,"12":0.0003285407,"13":0.0003380226,"14":0.0003549427,"15":0.0003746038,"16":0.0003958118,"17":0.0004189131,"18":0.0004443657,"19":0.0004680202,"20":0.000493612},"auroc":{"0":0.2817218812,"1":0.3177529994,"2":0.3341513546,"3":0.3401121447,"4":0.3520703133,"5":0.3699971859,"6":0.3868921246,"7":0.40096248,"8":0.4120714307,"9":0.4204603959,"10":0.4279241969,"11":0.4344417822,"12":0.4423946274,"13":0.4566822525,"14":0.4760853844,"15":0.4961484535,"16":0.5145079689,"17":0.5313718776,"18":0.5473507172,"19":0.561077352,"20":0.5735719736},"acc":{"0":0.9612803432,"1":0.9996372384,"2":0.9996372478,"3":0.9996372466,"4":0.9996372394,"5":0.9996372476,"6":0.9996372374,"7":0.9996372512,"8":0.9996372465,"9":0.9996372432,"10":0.9996372384,"11":0.999637243,"12":0.999637252,"13":0.9996372411,"14":0.9996372466,"15":0.9996372476,"16":0.9996372384,"17":0.9996341888,"18":0.9996331625,"19":0.9996341934,"20":0.9996341772}}