{"val_loss":{"0":0.6028732657,"1":0.5585869551,"2":0.516695559,"3":0.4747595787,"4":0.4321717918,"5":0.3887866139,"6":0.3478713036,"7":0.3089798093,"8":0.2728422582,"9":0.2394248545,"10":0.2083632201,"11":0.1804254353,"12":0.1552568972,"13":0.132901296,"14":0.1136036217,"15":0.0972795859,"16":0.0836178064,"17":0.0722252801,"18":0.0627042204,"19":0.0547645241,"20":0.048249267},"val_auprc":{"0":0.0000963522,"1":0.0000775999,"2":0.0001636513,"3":0.0001885236,"4":0.0002574104,"5":0.0001842312,"6":0.0003068644,"7":0.0003342513,"8":0.0002363787,"9":0.0001099727,"10":0.0003449074,"11":0.0002243919,"12":0.0002684221,"13":0.0001655426,"14":0.0002331874,"15":0.0002995537,"16":0.0002431827,"17":0.0002715985,"18":0.0002853584,"19":0.0002771349,"20":0.0002785997},"val_auroc":{"0":0.2378873825,"1":0.2357636094,"2":0.2337226868,"3":0.2391721606,"4":0.2496473193,"5":0.2619450986,"6":0.2744572759,"7":0.2857692242,"8":0.2957342267,"9":0.3040212989,"10":0.3109781742,"11":0.3167868257,"12":0.3214879334,"13":0.3254952431,"14":0.328899622,"15":0.3317158818,"16":0.3339675069,"17":0.3357885778,"18":0.3372852802,"19":0.338434577,"20":0.3393808603},"val_acc":{"0":0.9978967309,"1":0.9978967309,"2":0.9978967309,"3":0.9978967309,"4":0.9978967309,"5":0.9978967309,"6":0.9978967309,"7":0.9978967309,"8":0.9978967309,"9":0.9978967309,"10":0.9978967309,"11":0.9978967309,"12":0.9978967309,"13":0.9978967309,"14":0.9978967309,"15":0.9978967309,"16":0.9978967309,"17":0.9978967309,"18":0.9978967309,"19":0.9978967309,"20":0.9978967309},"loss":{"0":0.6754042506,"1":0.6060969234,"2":0.5623677969,"3":0.5206260681,"4":0.4787079096,"5":0.4356644154,"6":0.3921640813,"7":0.3510654271,"8":0.3119710684,"9":0.2758688927,"10":0.2425388545,"11":0.2112832218,"12":0.1830759197,"13":0.1574564725,"14":0.1344456673,"15":0.1142894477,"16":0.0968492404,"17":0.0820008144,"18":0.0693495125,"19":0.0584908091,"20":0.0491624437},"auprc":{"0":0.0002644795,"1":0.0003789873,"2":0.0002226162,"3":0.0002383334,"4":0.0002313923,"5":0.0002698547,"6":0.0002635451,"7":0.0002782108,"8":0.0002614281,"9":0.0001769435,"10":0.0002512687,"11":0.0002621034,"12":0.000295803,"13":0.0001602659,"14":0.0002650018,"15":0.0002664263,"16":0.0002762498,"17":0.0002823313,"18":0.0002723291,"19":0.0002747748,"20":0.0002776458},"auroc":{"0":0.2567782402,"1":0.2451436371,"2":0.2397911847,"3":0.2436377704,"4":0.2532883883,"5":0.2651026845,"6":0.277314961,"7":0.2883940041,"8":0.2981755137,"9":0.3063076735,"10":0.3131219745,"11":0.3188064694,"12":0.3233925998,"13":0.3272939324,"14":0.3306059837,"15":0.3333379924,"16":0.3355127275,"17":0.3372633457,"18":0.338694036,"19":0.3397809565,"20":0.3406689167},"acc":{"0":0.7268399596,"1":0.9881076813,"2":0.9994140863,"3":0.9996362329,"4":0.9996372461,"5":0.9996372461,"6":0.9996372461,"7":0.9996372461,"8":0.9996372461,"9":0.9996372461,"10":0.9996372461,"11":0.9996372461,"12":0.9996372461,"13":0.9996372461,"14":0.9996372461,"15":0.9996372461,"16":0.9996372461,"17":0.9996372461,"18":0.9996372461,"19":0.9996372461,"20":0.9996372461}}