{"val_loss":{"0":0.244783625,"1":0.0570797659,"2":0.0272550434,"3":0.0257853791,"4":0.0252377503,"5":0.0238122325,"6":0.0216233321,"7":0.0190236792,"8":0.0163441449,"9":0.0136327948,"10":0.0107300887,"11":0.0082799681,"12":0.0073866798,"13":0.0070586205,"14":0.0071078436,"15":0.0069951615,"16":0.0068330625,"17":0.006706622,"18":0.0067897495,"19":0.0064864475,"20":0.0065259249},"val_auprc":{"0":0.0000563866,"1":0.000270083,"2":0.0002758631,"3":0.0002842957,"4":0.0002945412,"5":0.000303036,"6":0.0003099433,"7":0.0003156659,"8":0.0003204962,"9":0.0003256473,"10":0.0003363276,"11":0.0003554306,"12":0.0003798874,"13":0.0004077247,"14":0.0004366812,"15":0.0006251594,"16":0.0006465769,"17":0.0006703283,"18":0.0006976456,"19":0.0007252619,"20":0.0007552553},"val_auroc":{"0":0.2974474132,"1":0.3220696449,"2":0.3314396739,"3":0.3511376381,"4":0.3763361573,"5":0.3953452706,"6":0.4094463587,"7":0.4202307165,"8":0.428719461,"9":0.4371940196,"10":0.4528590143,"11":0.475888133,"12":0.4994418621,"13":0.5216001868,"14":0.5409030914,"15":0.5584301353,"16":0.5735858083,"17":0.5874687433,"18":0.6012101769,"19":0.6127970815,"20":0.6238181591},"val_acc":{"0":0.9978967309,"1":0.9978967309,"2":0.9978967309,"3":0.9978967309,"4":0.9978967309,"5":0.9978967309,"6":0.9978967309,"7":0.9978967309,"8":0.9978967309,"9":0.9978967309,"10":0.9978967309,"11":0.9978967309,"12":0.9978967309,"13":0.9978967309,"14":0.9978967309,"15":0.9978967309,"16":0.9978967309,"17":0.9978967309,"18":0.9978967309,"19":0.9978967309,"20":0.9978967309},"loss":{"0":0.4644307795,"1":0.1418252051,"2":0.0280056086,"3":0.0085835613,"4":0.0056526664,"5":0.0048404097,"6":0.0043919676,"7":0.0039646169,"8":0.0036110602,"9":0.0032019443,"10":0.0028382973,"11":0.0025042398,"12":0.0023693585,"13":0.0022727437,"14":0.0022690541,"15":0.0022453143,"16":0.0022292712,"17":0.0022100646,"18":0.0021943171,"19":0.002153064,"20":0.0021463326},"auprc":{"0":0.0002445831,"1":0.000258655,"2":0.0002722883,"3":0.0002780787,"4":0.0002873365,"5":0.0002976776,"6":0.0003057365,"7":0.0003119772,"8":0.000317017,"9":0.0003223447,"10":0.0003286509,"11":0.0003430201,"12":0.0003661432,"13":0.000390834,"14":0.0004207503,"15":0.0004969174,"16":0.0006338643,"17":0.0006562389,"18":0.000682467,"19":0.0007084831,"20":0.0007381664},"auroc":{"0":0.277148345,"1":0.3210455477,"2":0.3328499506,"3":0.3440153575,"4":0.3692243684,"5":0.3888580681,"6":0.4042460422,"7":0.4162823862,"8":0.4257386182,"9":0.4335066436,"10":0.4438278091,"11":0.4633917199,"12":0.4879754453,"13":0.5100868446,"14":0.5313065884,"15":0.5500496402,"16":0.5660122852,"17":0.5804558958,"18":0.5944645047,"19":0.6067477404,"20":0.6182866874},"acc":{"0":0.9708953046,"1":0.9996372437,"2":0.9996372497,"3":0.9996372486,"4":0.9996372458,"5":0.9996372437,"6":0.9996372475,"7":0.9996372515,"8":0.9996372513,"9":0.9996372515,"10":0.9996372452,"11":0.9996372535,"12":0.9996372436,"13":0.9996362361,"14":0.9996352073,"15":0.9996362224,"16":0.9996352077,"17":0.9996341827,"18":0.9996341844,"19":0.999637254,"20":0.9996372435}}