{"val_loss":{"0":0.2763896286,"1":0.0730508491,"2":0.029586181,"3":0.0259282105,"4":0.025655726,"5":0.0247573033,"6":0.0230952315,"7":0.0207437202,"8":0.0182948355,"9":0.0158240832,"10":0.0132930204,"11":0.0104796384,"12":0.0082158688,"13":0.0076839356,"14":0.0076428833,"15":0.0070127151,"16":0.0066791484,"17":0.007341404,"18":0.006945794,"19":0.007019294,"20":0.006838731},"val_auprc":{"0":0.0003262777,"1":0.000188704,"2":0.0002783948,"3":0.0002834564,"4":0.0002925383,"5":0.0003008121,"6":0.0003076663,"7":0.0003133891,"8":0.000318242,"9":0.000322469,"10":0.0003273279,"11":0.0003371028,"12":0.0003539324,"13":0.0003760672,"14":0.0003994801,"15":0.0004244081,"16":0.0004511804,"17":0.0004793932,"18":0.0005062947,"19":0.0005348216,"20":0.0005649423},"val_auroc":{"0":0.2910662889,"1":0.325111866,"2":0.3369587064,"3":0.3458656073,"4":0.3686376214,"5":0.3881001472,"6":0.4028821588,"7":0.4142908454,"8":0.4233162105,"9":0.4307077825,"10":0.4386971295,"11":0.453032136,"12":0.4736350179,"13":0.4958708286,"14":0.5155408978,"15":0.5331925154,"16":0.5496415496,"17":0.5649971366,"18":0.5778390765,"19":0.5900244713,"20":0.601608932},"val_acc":{"0":0.9978967309,"1":0.9978967309,"2":0.9978967309,"3":0.9978967309,"4":0.9978967309,"5":0.9978967309,"6":0.9978967309,"7":0.9978967309,"8":0.9978967309,"9":0.9978967309,"10":0.9978967309,"11":0.9978967309,"12":0.9978967309,"13":0.9978967309,"14":0.9978967309,"15":0.9978967309,"16":0.9978967309,"17":0.9978967309,"18":0.9978967309,"19":0.9978967309,"20":0.9978967309},"loss":{"0":0.4995872529,"1":0.1795607732,"2":0.0410289465,"3":0.0113751618,"4":0.0063685176,"5":0.0051092047,"6":0.0046182633,"7":0.0042154224,"8":0.0038515207,"9":0.0034721745,"10":0.0031235983,"11":0.0028079157,"12":0.002513301,"13":0.0023591317,"14":0.0023088984,"15":0.0022630378,"16":0.0022462821,"17":0.0022297386,"18":0.0022236939,"19":0.0021980595,"20":0.0021691604},"auprc":{"0":0.0002141786,"1":0.0002514969,"2":0.0002772655,"3":0.000279187,"4":0.0002860834,"5":0.0002957198,"6":0.0003036039,"7":0.0003096957,"8":0.0003148622,"9":0.0003198141,"10":0.0003239191,"11":0.0003300923,"12":0.0003435405,"13":0.000362683,"14":0.0003870335,"15":0.0004107783,"16":0.0004362522,"17":0.0004639101,"18":0.0004913332,"19":0.0005181969,"20":0.0005481449},"auroc":{"0":0.287240503,"1":0.3254388074,"2":0.3383087653,"3":0.3445067156,"4":0.3627671486,"5":0.3818057227,"6":0.3976551594,"7":0.4103850963,"8":0.4202858249,"9":0.4279194594,"10":0.4352596127,"11":0.4451596063,"12":0.4627715272,"13":0.4845599733,"14":0.5061963693,"15":0.5246882494,"16":0.5417295967,"17":0.5574711409,"18":0.5713357941,"19":0.5837751289,"20":0.5958334311},"acc":{"0":0.9648120881,"1":0.9996372441,"2":0.9996372591,"3":0.9996372432,"4":0.9996372566,"5":0.9996372566,"6":0.9996372493,"7":0.9996372579,"8":0.9996372468,"9":0.9996372518,"10":0.9996372493,"11":0.9996372539,"12":0.9996372453,"13":0.9996372493,"14":0.999637252,"15":0.9996352048,"16":0.9996352107,"17":0.9996291011,"18":0.9996352134,"19":0.9996382697,"20":0.9996372539}}