{"val_loss":{"0":0.5585891008,"1":0.4747685492,"2":0.3888153732,"3":0.3094742894,"4":0.2397681475,"5":0.1805997193,"6":0.1330016553,"7":0.0973329395,"8":0.0722429156,"9":0.0547672957,"10":0.0430059731,"11":0.03556481,"12":0.0310851242,"13":0.0284973178,"14":0.0270994809,"15":0.0263855755,"16":0.026030194,"17":0.0258722696,"18":0.0258158389,"19":0.0257532392,"20":0.0256931372},"val_auprc":{"0":0.0002047543,"1":0.000259936,"2":0.0002091779,"3":0.0002671168,"4":0.0001634234,"5":0.0003440655,"6":0.000299779,"7":0.0002702199,"8":0.0002630264,"9":0.0002746258,"10":0.0002797819,"11":0.0002807813,"12":0.0002815955,"13":0.0002823276,"14":0.0002830437,"15":0.0002839432,"16":0.000285205,"17":0.0002868201,"18":0.0002886784,"19":0.0002906478,"20":0.0002926479},"val_auroc":{"0":0.2587038279,"1":0.2616426051,"2":0.2695708573,"3":0.2900454402,"4":0.3067055345,"5":0.318279922,"6":0.3261041641,"7":0.3318769336,"8":0.3358541727,"9":0.3384692073,"10":0.3404372931,"11":0.3417734504,"12":0.3424683213,"13":0.3429453373,"14":0.3434896767,"15":0.3448138237,"16":0.3474230766,"17":0.351259768,"18":0.3559007347,"19":0.3608757257,"20":0.3659040928},"val_acc":{"0":0.9978967309,"1":0.9978967309,"2":0.9978967309,"3":0.9978967309,"4":0.9978967309,"5":0.9978967309,"6":0.9978967309,"7":0.9978967309,"8":0.9978967309,"9":0.9978967309,"10":0.9978967309,"11":0.9978967309,"12":0.9978967309,"13":0.9978967309,"14":0.9978967309,"15":0.9978967309,"16":0.9978967309,"17":0.9978967309,"18":0.9978967309,"19":0.9978967309,"20":0.9978967309},"loss":{"0":0.6581876315,"1":0.5520063492,"2":0.4680175328,"3":0.3820613687,"4":0.3035160841,"5":0.2350374763,"6":0.1768837328,"7":0.1294652817,"8":0.0932522973,"9":0.0666627447,"10":0.0472261325,"11":0.0334888025,"12":0.0241982917,"13":0.0179938982,"14":0.0138487278,"15":0.0111196076,"16":0.0092705674,"17":0.0080380314,"18":0.0071517513,"19":0.0065701684,"20":0.0060803164},"auprc":{"0":0.0001716242,"1":0.0002739673,"2":0.0002424049,"3":0.000284801,"4":0.0002983393,"5":0.0002280904,"6":0.0002614413,"7":0.0002601656,"8":0.0002592299,"9":0.0002807255,"10":0.0002786587,"11":0.0002798606,"12":0.0002806831,"13":0.0002815423,"14":0.0002824229,"15":0.0002832831,"16":0.000284283,"17":0.0002859978,"18":0.0002879623,"19":0.000289625,"20":0.000291784},"auroc":{"0":0.2639407885,"1":0.2715068564,"2":0.2719102409,"3":0.2899120304,"4":0.3098577184,"5":0.3199754376,"6":0.3278366705,"7":0.3330599454,"8":0.3373944605,"9":0.3402189226,"10":0.3423895592,"11":0.3438699945,"12":0.3444415272,"13":0.3448364509,"14":0.3446697507,"15":0.3456700764,"16":0.3483924226,"17":0.3515035377,"18":0.3556355726,"19":0.3611312376,"20":0.365750725},"acc":{"0":0.7916827909,"1":0.9994538135,"2":0.9996372424,"3":0.9996372433,"4":0.9996372604,"5":0.9996372269,"6":0.9996372644,"7":0.9996372289,"8":0.9996372654,"9":0.9996372424,"10":0.9996372634,"11":0.9996372552,"12":0.9996372331,"13":0.9996372552,"14":0.9996372654,"15":0.9996372654,"16":0.9996372321,"17":0.9996372424,"18":0.9996372299,"19":0.9996372614,"20":0.9996372644}}