{"val_loss":{"0":0.0399760082,"1":0.0250417497,"2":0.0208689291,"3":0.0145676564,"4":0.0083868932,"5":0.0072381757,"6":0.0071569989,"7":0.0074397605,"8":0.0071780714,"9":0.0072212326,"10":0.0067494963},"val_auprc":{"0":0.000270099,"1":0.0002873135,"2":0.0003067585,"3":0.0003195267,"4":0.0003515449,"5":0.0004111344,"6":0.0004788308,"7":0.00055192,"8":0.0006308513,"9":0.0007119381,"10":0.0007989721},"val_auroc":{"0":0.3210201263,"1":0.3596504331,"2":0.4040569067,"3":0.4278410971,"4":0.4716231823,"5":0.5244904757,"6":0.5651375651,"7":0.5973368287,"8":0.6244890094,"9":0.6463600397,"10":0.665199101},"val_acc":{"0":0.9978967309,"1":0.9978967309,"2":0.9978967309,"3":0.9978967309,"4":0.9978967309,"5":0.9978967309,"6":0.9978967309,"7":0.9978967309,"8":0.9978967309,"9":0.9978967309,"10":0.9978967309},"loss":{"0":0.2778405772,"1":0.0118441829,"2":0.0045644335,"3":0.0035451851,"4":0.0026967871,"5":0.0022871135,"6":0.0022251127,"7":0.0021949707,"8":0.0021568642,"9":0.0021598479,"10":0.0021064603},"auprc":{"0":0.0002603968,"1":0.000272449,"2":0.0002955873,"3":0.0003109302,"4":0.0003255365,"5":0.0003735875,"6":0.0004388484,"7":0.0005090517,"8":0.0005860746,"9":0.0006653527,"10":0.0007488462},"auroc":{"0":0.3094872775,"1":0.3425558803,"2":0.3874051275,"3":0.4187544037,"4":0.4447221852,"5":0.496343903,"6":0.5437409766,"7":0.5803708448,"8":0.6107042582,"9":0.6346882687,"10":0.6555214966},"acc":{"0":0.9870153209,"1":0.9996372509,"2":0.999637247,"3":0.9996372463,"4":0.9996372482,"5":0.9996372516,"6":0.9996341873,"7":0.9996362354,"8":0.9996362293,"9":0.9996372417,"10":0.9996382743}}