{"val_loss":{"0":0.3509995937,"1":0.1347419471,"2":0.048918549,"3":0.0285953004,"4":0.0259547345,"5":0.0257367697,"6":0.0252871346,"7":0.0243731309,"8":0.0229802653,"9":0.0212831087,"10":0.0193337984,"11":0.0173590053,"12":0.0152634615,"13":0.0130863506,"14":0.0109451944,"15":0.0090435334,"16":0.007908849,"17":0.0074008512,"18":0.0072087171,"19":0.0068438933,"20":0.0068251244},"val_auprc":{"0":0.0002684408,"1":0.0003422023,"2":0.0002709493,"3":0.0002771021,"4":0.0002813021,"5":0.0002884089,"6":0.0002954565,"7":0.0003016081,"8":0.0003069083,"9":0.0003115091,"10":0.00031554,"11":0.0003191155,"12":0.0003223075,"13":0.0003264835,"14":0.0003344536,"15":0.0003459413,"16":0.0003615178,"17":0.0003797603,"18":0.0003991804,"19":0.0004190349,"20":0.0004404909},"val_auroc":{"0":0.2750144899,"1":0.3111430705,"2":0.329007417,"3":0.3345113397,"4":0.342261672,"5":0.3600450158,"6":0.3771691918,"7":0.3911386132,"8":0.4023958743,"9":0.4115869701,"10":0.4192047417,"11":0.4256304502,"12":0.4311085939,"13":0.4379487932,"14":0.4498744607,"15":0.464787513,"16":0.4821004272,"17":0.4994143844,"18":0.5155486465,"19":0.5299038291,"20":0.5437706113},"val_acc":{"0":0.9978967309,"1":0.9978967309,"2":0.9978967309,"3":0.9978967309,"4":0.9978967309,"5":0.9978967309,"6":0.9978967309,"7":0.9978967309,"8":0.9978967309,"9":0.9978967309,"10":0.9978967309,"11":0.9978967309,"12":0.9978967309,"13":0.9978967309,"14":0.9978967309,"15":0.9978967309,"16":0.9978967309,"17":0.9978967309,"18":0.9978967309,"19":0.9978967309,"20":0.9978967309},"loss":{"0":0.5300982308,"1":0.2545048558,"2":0.0894543775,"3":0.0275643952,"4":0.010920337,"5":0.0067713534,"6":0.0055081613,"7":0.0048899115,"8":0.004537575,"9":0.0042377023,"10":0.0039373601,"11":0.0036402457,"12":0.0033219744,"13":0.0030370616,"14":0.0027867248,"15":0.0025536538,"16":0.002397275,"17":0.0023243443,"18":0.002281628,"19":0.0022395366,"20":0.0022439396},"auprc":{"0":0.0002922818,"1":0.0002812491,"2":0.0002770488,"3":0.0002739549,"4":0.0002769858,"5":0.0002839277,"6":0.0002914442,"7":0.0002979688,"8":0.0003034664,"9":0.0003087874,"10":0.0003128298,"11":0.0003164915,"12":0.0003202078,"13":0.0003232347,"14":0.0003295599,"15":0.0003390774,"16":0.0003524497,"17":0.0003694732,"18":0.0003887625,"19":0.0004074384,"20":0.0004287286},"auroc":{"0":0.274510994,"1":0.3078353222,"2":0.3280289436,"3":0.3371242113,"4":0.3432051164,"5":0.3544392306,"6":0.3713550135,"7":0.3864907009,"8":0.3988202276,"9":0.4083259398,"10":0.4166734263,"11":0.4235826168,"12":0.4291751507,"13":0.4349719881,"14":0.4438046702,"15":0.4573328707,"16":0.4736133345,"17":0.4910207053,"18":0.5078094586,"19":0.5227459397,"20":0.5370697076},"acc":{"0":0.9575386985,"1":0.999637233,"2":0.9996372362,"3":0.9996372344,"4":0.9996372365,"5":0.9996372378,"6":0.9996372344,"7":0.9996372374,"8":0.9996372362,"9":0.9996372325,"10":0.9996372362,"11":0.9996372365,"12":0.9996372378,"13":0.9996372328,"14":0.9996372374,"15":0.9996372377,"16":0.999637236,"17":0.9996372329,"18":0.9996362154,"19":0.9996362157,"20":0.9996341778}}