{"val_loss":{"0":0.3106813729,"1":0.0981234759,"2":0.0357398614,"3":0.0263609346,"4":0.0256554317,"5":0.0252853017,"6":0.0242311135,"7":0.022628298,"8":0.0205554552,"9":0.0185317807,"10":0.0161963049},"val_auprc":{"0":0.000282931,"1":0.000258089,"2":0.0002750139,"3":0.0002786864,"4":0.0002860407,"5":0.0002944033,"6":0.0003015978,"7":0.0003076587,"8":0.0003128122,"9":0.0003172505,"10":0.0003211693},"val_auroc":{"0":0.2761698961,"1":0.3161379397,"2":0.3316895366,"3":0.3360774517,"4":0.353998661,"5":0.3746902943,"6":0.3911500573,"7":0.4039742649,"8":0.4141379893,"9":0.422360301,"10":0.429225564},"val_acc":{"0":0.9978967309,"1":0.9978967309,"2":0.9978967309,"3":0.9978967309,"4":0.9978967309,"5":0.9978967309,"6":0.9978967309,"7":0.9978967309,"8":0.9978967309,"9":0.9978967309,"10":0.9978967309},"loss":{"0":0.5171208422,"1":0.2151181443,"2":0.0608882632,"3":0.0170132517,"4":0.0077818997,"5":0.0056529026,"6":0.0049349345,"7":0.0044853621,"8":0.0041476845,"9":0.0038346397,"10":0.0035052346},"auprc":{"0":0.0002569523,"1":0.0002939643,"2":0.0002753494,"3":0.0002754964,"4":0.0002801842,"5":0.0002892924,"6":0.0002975331,"7":0.0003039925,"8":0.0003093254,"9":0.0003146447,"10":0.0003184559},"auroc":{"0":0.2782094476,"1":0.3149774097,"2":0.3321857806,"3":0.3383552593,"4":0.3502442629,"5":0.3681966613,"6":0.3853405531,"7":0.3995756282,"8":0.410836572,"9":0.4193101879,"10":0.4269105853},"acc":{"0":0.9608513566,"1":0.999637245,"2":0.9996372581,"3":0.9996372499,"4":0.9996372475,"5":0.9996372434,"6":0.9996372532,"7":0.9996372516,"8":0.9996372377,"9":0.9996372581,"10":0.9996372532}}