{"val_loss":{"0":0.4747696817,"1":0.3096576035,"2":0.181971401,"3":0.0984963253,"4":0.0555027872,"5":0.0358226746,"6":0.0285976119,"7":0.0264230072,"8":0.0259114187,"9":0.0258058924,"10":0.0256995596},"val_auprc":{"0":0.0002612711,"1":0.0003470498,"2":0.0004081378,"3":0.0003065217,"4":0.0002779392,"5":0.0002774696,"6":0.0002793299,"7":0.0002811765,"8":0.0002843313,"9":0.0002883563,"10":0.0002925282},"val_auroc":{"0":0.2435715199,"1":0.275613904,"2":0.3096605837,"3":0.3256616592,"4":0.3337560892,"5":0.3375653028,"6":0.3393398523,"7":0.3416031003,"8":0.348621279,"9":0.3585850894,"10":0.3688785136},"val_acc":{"0":0.9978967309,"1":0.9978967309,"2":0.9978967309,"3":0.9978967309,"4":0.9978967309,"5":0.9978967309,"6":0.9978967309,"7":0.9978967309,"8":0.9978967309,"9":0.9978967309,"10":0.9978967309},"loss":{"0":0.5959895652,"1":0.4188120378,"2":0.2646552533,"3":0.1508783521,"4":0.0789963555,"5":0.0399885433,"6":0.0208881317,"7":0.0123897378,"8":0.0086232533,"9":0.0068647688,"10":0.0058872514},"auprc":{"0":0.0002263235,"1":0.0002348988,"2":0.0002293205,"3":0.0002865384,"4":0.0002703672,"5":0.0002750292,"6":0.0002779252,"7":0.0002796789,"8":0.0002821102,"9":0.0002862443,"10":0.0002902479},"auroc":{"0":0.2579421762,"1":0.2701734348,"2":0.3037837991,"3":0.3247969378,"4":0.3368514312,"5":0.3396957176,"6":0.3409706259,"7":0.3423967419,"8":0.3477155421,"9":0.3556809667,"10":0.3661378869},"acc":{"0":0.9235256752,"1":0.9996372472,"2":0.9996372564,"3":0.9996372369,"4":0.9996372456,"5":0.9996372499,"6":0.9996372591,"7":0.9996372571,"8":0.9996372459,"9":0.9996372703,"10":0.9996372583}}