{"val_loss":{"0":0.3933279216,"1":0.1848065704,"2":0.074028112,"3":0.0360627063,"4":0.0271361098,"5":0.025813261,"6":0.0257986207,"7":0.0255611353,"8":0.0248490311,"9":0.02380367,"10":0.0225471873,"11":0.0209989753,"12":0.0192155708,"13":0.0176935066,"14":0.0162575729,"15":0.0144570135,"16":0.0128367823,"17":0.0111942627,"18":0.0094482107,"19":0.0086475536,"20":0.007444954},"val_auprc":{"0":0.0000970492,"1":0.0003197739,"2":0.0003282303,"3":0.0002770067,"4":0.0002797119,"5":0.0002833874,"6":0.0002892805,"7":0.0002952612,"8":0.0003006159,"9":0.0003053362,"10":0.0003095085,"11":0.0003132224,"12":0.0003165478,"13":0.0003195486,"14":0.0003223078,"15":0.0003250314,"16":0.0003290416,"17":0.000335508,"18":0.0003444346,"19":0.000356682,"20":0.000370529},"val_auroc":{"0":0.2503411472,"1":0.3016110063,"2":0.3287866116,"3":0.3373203278,"4":0.3395574689,"5":0.346374929,"6":0.3609467745,"7":0.3755150437,"8":0.3878616095,"9":0.3981432915,"10":0.4067563117,"11":0.4140520692,"12":0.4202925861,"13":0.4256914556,"14":0.4304659963,"15":0.4350062013,"16":0.4414241016,"17":0.450945735,"18":0.4626929164,"19":0.4769757688,"20":0.4910131693},"val_acc":{"0":0.9978967309,"1":0.9978967309,"2":0.9978967309,"3":0.9978967309,"4":0.9978967309,"5":0.9978967309,"6":0.9978967309,"7":0.9978967309,"8":0.9978967309,"9":0.9978967309,"10":0.9978967309,"11":0.9978967309,"12":0.9978967309,"13":0.9978967309,"14":0.9978967309,"15":0.9978967309,"16":0.9978967309,"17":0.9978967309,"18":0.9978967309,"19":0.9978967309,"20":0.9978967309},"loss":{"0":0.5681979936,"1":0.3191369531,"2":0.1404543159,"3":0.0518938822,"4":0.0196105465,"5":0.0098732835,"6":0.0067500404,"7":0.0055467669,"8":0.0050234207,"9":0.0046652534,"10":0.0043824134,"11":0.0041436278,"12":0.0038867702,"13":0.0036367403,"14":0.003392358,"15":0.0031673373,"16":0.0029415564,"17":0.0027113305,"18":0.0025388229,"19":0.0023847278,"20":0.0023197702},"auprc":{"0":0.00024727,"1":0.0002573494,"2":0.0002253256,"3":0.0002723481,"4":0.0002767008,"5":0.0002805025,"6":0.0002859523,"7":0.0002918673,"8":0.0002974074,"9":0.0003027648,"10":0.0003068864,"11":0.0003107385,"12":0.0003143975,"13":0.0003172485,"14":0.0003205797,"15":0.0003231989,"16":0.0003261702,"17":0.0003313358,"18":0.0003392308,"19":0.0003494057,"20":0.0003628346},"auroc":{"0":0.2618623415,"1":0.2988255464,"2":0.3257022407,"3":0.3399240373,"4":0.3451186687,"5":0.3457787255,"6":0.3564789789,"7":0.371221206,"8":0.3843223708,"9":0.3947750297,"10":0.4041911118,"11":0.4119316887,"12":0.4183644203,"13":0.4242202511,"14":0.4288793484,"15":0.4335202888,"16":0.4385772174,"17":0.4462231128,"18":0.4567613494,"19":0.4700432756,"20":0.4842845577},"acc":{"0":0.9434026141,"1":0.9996372445,"2":0.9996372351,"3":0.9996372539,"4":0.9996372491,"5":0.9996372469,"6":0.9996372399,"7":0.9996372421,"8":0.9996372421,"9":0.9996372586,"10":0.9996372539,"11":0.9996372449,"12":0.9996372471,"13":0.9996372726,"14":0.9996372469,"15":0.9996372491,"16":0.9996372421,"17":0.9996372469,"18":0.9996372421,"19":0.9996372446,"20":0.9996372567}}