{"val_loss":{"0":0.5585885048,"1":0.4747755527,"2":0.3888317645,"3":0.309484452,"4":0.2399244756,"5":0.1806915402,"6":0.1330614388,"7":0.0973643139,"8":0.072268337,"9":0.054784812,"10":0.0430021398,"11":0.0355375633,"12":0.0310528278,"13":0.0284735449,"14":0.0270723272,"15":0.0263579991,"16":0.0260071568,"17":0.0258282349,"18":0.0257706698,"19":0.0257284679,"20":0.025678115},"val_auprc":{"0":0.0003701983,"1":0.000172955,"2":0.000295666,"3":0.0002371718,"4":0.0002442758,"5":0.0003173263,"6":0.0003449544,"7":0.0002527638,"8":0.000306757,"9":0.000278403,"10":0.0002796735,"11":0.0002813055,"12":0.0002821711,"13":0.000282892,"14":0.0002835695,"15":0.0002844389,"16":0.0002856582,"17":0.0002872424,"18":0.0002890777,"19":0.0002910366,"20":0.0002930322},"val_auroc":{"0":0.2563650012,"1":0.2682706416,"2":0.2734733224,"3":0.2923062444,"4":0.3082392812,"5":0.3195111156,"6":0.3272805214,"7":0.3329218924,"8":0.3367272317,"9":0.3392393589,"10":0.3412002027,"11":0.3425312042,"12":0.343206048,"13":0.3436275721,"14":0.3440972567,"15":0.3453719914,"16":0.3478848934,"17":0.3516514003,"18":0.3562470973,"19":0.3612116575,"20":0.3662461042},"val_acc":{"0":0.9978967309,"1":0.9978967309,"2":0.9978967309,"3":0.9978967309,"4":0.9978967309,"5":0.9978967309,"6":0.9978967309,"7":0.9978967309,"8":0.9978967309,"9":0.9978967309,"10":0.9978967309,"11":0.9978967309,"12":0.9978967309,"13":0.9978967309,"14":0.9978967309,"15":0.9978967309,"16":0.9978967309,"17":0.9978967309,"18":0.9978967309,"19":0.9978967309,"20":0.9978967309},"loss":{"0":0.6633992237,"1":0.5551535003,"2":0.4712227373,"3":0.3851429877,"4":0.30623285,"5":0.2375530412,"6":0.1789037576,"7":0.1310542556,"8":0.094397287,"9":0.06749175,"10":0.0478290729,"11":0.0338669326,"12":0.0244427225,"13":0.0181358447,"14":0.0139852675,"15":0.0111953072,"16":0.0093218571,"17":0.0080956017,"18":0.0071895482,"19":0.006570171,"20":0.0060585597},"auprc":{"0":0.0001438824,"1":0.0002760939,"2":0.0002271575,"3":0.000268741,"4":0.0002408582,"5":0.0003091113,"6":0.0002621021,"7":0.000258043,"8":0.0002939287,"9":0.0002737058,"10":0.0002792461,"11":0.0002801758,"12":0.0002812197,"13":0.0002821686,"14":0.0002829868,"15":0.0002837449,"16":0.0002848436,"17":0.0002864039,"18":0.0002883953,"19":0.0002901784,"20":0.0002921522},"auroc":{"0":0.2601295373,"1":0.2803307061,"2":0.2765594244,"3":0.2944505396,"4":0.3127618949,"5":0.3223840258,"6":0.3292225039,"7":0.3341926092,"8":0.3387831051,"9":0.3405424993,"10":0.34302149,"11":0.3453601709,"12":0.3455551173,"13":0.3454527682,"14":0.3452658921,"15":0.3465266986,"16":0.3488888515,"17":0.3523050845,"18":0.3563004128,"19":0.3615160063,"20":0.3665100395},"acc":{"0":0.7720952406,"1":0.9994334803,"2":0.9996372441,"3":0.9996372752,"4":0.9996372594,"5":0.9996372699,"6":0.9996372441,"7":0.9996372676,"8":0.9996372545,"9":0.9996372676,"10":0.9996372545,"11":0.9996372283,"12":0.9996372336,"13":0.9996372674,"14":0.9996372312,"15":0.9996372752,"16":0.9996372492,"17":0.9996372389,"18":0.9996372494,"19":0.9996372389,"20":0.9996372699}}