{"val_loss":{"0":0.4321959615,"1":0.2402337641,"2":0.1137854233,"3":0.0548333451,"4":0.0330541283,"5":0.0270732921,"6":0.0258961655,"7":0.0257155038,"8":0.0254995413,"9":0.0250551458,"10":0.0243547689,"11":0.0234120339,"12":0.0223088078,"13":0.0210529994,"14":0.0197700672,"15":0.0184727609,"16":0.0170549005,"17":0.0155500891,"18":0.0140496399,"19":0.0124335177,"20":0.0108595248},"val_auprc":{"0":0.000097525,"1":0.0004041712,"2":0.0002364824,"3":0.0002764713,"4":0.0002769808,"5":0.0002792845,"6":0.0002826225,"7":0.0002875523,"8":0.0002927266,"9":0.0002975215,"10":0.000301848,"11":0.0003057375,"12":0.00030924,"13":0.0003124135,"14":0.0003153317,"15":0.0003180052,"16":0.0003204422,"17":0.0003227745,"18":0.0003250582,"19":0.0003289236,"20":0.0003349507},"val_auroc":{"0":0.25549528,"1":0.2926825881,"2":0.3193380833,"3":0.3319209814,"4":0.3365194201,"5":0.3385443389,"6":0.3450974822,"7":0.3572207093,"8":0.3699586391,"9":0.3812792301,"10":0.3910138905,"11":0.3993607163,"12":0.4065482914,"13":0.412794292,"14":0.4183198214,"15":0.4231983721,"16":0.4274938703,"17":0.4314767718,"18":0.4352515638,"19":0.4413928092,"20":0.4502800703},"val_acc":{"0":0.9978967309,"1":0.9978967309,"2":0.9978967309,"3":0.9978967309,"4":0.9978967309,"5":0.9978967309,"6":0.9978967309,"7":0.9978967309,"8":0.9978967309,"9":0.9978967309,"10":0.9978967309,"11":0.9978967309,"12":0.9978967309,"13":0.9978967309,"14":0.9978967309,"15":0.9978967309,"16":0.9978967309,"17":0.9978967309,"18":0.9978967309,"19":0.9978967309,"20":0.9978967309},"loss":{"0":0.576564454,"1":0.3605489796,"2":0.1908417762,"3":0.0865859052,"4":0.0370523767,"5":0.0170268899,"6":0.0097327804,"7":0.0069775481,"8":0.0058493961,"9":0.0052634377,"10":0.0048649082,"11":0.0045820173,"12":0.0043644849,"13":0.0041343267,"14":0.0039765152,"15":0.0037466943,"16":0.0035464911,"17":0.0033230539,"18":0.0031193131,"19":0.0028839061,"20":0.0027155096},"auprc":{"0":0.0001867617,"1":0.0002195867,"2":0.0002005015,"3":0.0002651957,"4":0.0002738639,"5":0.0002773144,"6":0.0002801794,"7":0.0002845693,"8":0.0002897011,"9":0.0002949346,"10":0.0002992323,"11":0.0003032593,"12":0.0003071123,"13":0.0003102116,"14":0.0003136124,"15":0.0003163143,"16":0.0003187325,"17":0.0003211623,"18":0.0003237335,"19":0.0003260143,"20":0.0003312144},"auroc":{"0":0.2556981903,"1":0.2888522848,"2":0.3158404451,"3":0.3319598298,"4":0.3412681926,"5":0.3408624102,"6":0.3440566956,"7":0.3539464092,"8":0.366456413,"9":0.3777393888,"10":0.3882354381,"11":0.3970254134,"12":0.4043632513,"13":0.4110824498,"14":0.4165220447,"15":0.4216490817,"16":0.4262267323,"17":0.4302584889,"18":0.4339080595,"19":0.4385138931,"20":0.4459026531},"acc":{"0":0.9377371697,"1":0.9996372443,"2":0.9996372496,"3":0.9996372557,"4":0.9996372596,"5":0.9996372469,"6":0.9996372487,"7":0.9996372464,"8":0.9996372617,"9":0.9996372464,"10":0.9996372538,"11":0.9996372424,"12":0.9996372572,"13":0.9996372376,"14":0.9996372593,"15":0.9996372584,"16":0.9996372506,"17":0.9996372409,"18":0.9996372644,"19":0.9996372382,"20":0.9996372512}}