{"val_loss":{"0":0.5167073607,"1":0.388831377,"2":0.273475647,"3":0.1807499379,"4":0.113728635,"5":0.072275959,"6":0.0482860617,"7":0.0355659686,"8":0.0296139345,"9":0.0271034539,"10":0.0261778273,"11":0.0258718636,"12":0.0257760473,"13":0.0256849211,"14":0.0255421121,"15":0.0253155772,"16":0.024994038,"17":0.024568364,"18":0.0240970794,"19":0.0235394556,"20":0.0229013618},"val_auprc":{"0":0.0003073737,"1":0.0003696133,"2":0.0003644978,"3":0.0001507764,"4":0.0002766762,"5":0.0002751016,"6":0.0002775743,"7":0.0002790889,"8":0.0002803933,"9":0.0002814078,"10":0.0002829834,"11":0.0002853626,"12":0.0002882339,"13":0.0002912882,"14":0.0002943047,"15":0.0002971727,"16":0.0002998807,"17":0.0003024247,"18":0.0003048263,"19":0.000307074,"20":0.0003091885},"val_auroc":{"0":0.2354620993,"1":0.2610177994,"2":0.293935746,"3":0.3139179945,"4":0.3264956772,"5":0.3342331052,"6":0.3380784988,"7":0.3401639462,"8":0.3410218358,"9":0.341442734,"10":0.3440300822,"11":0.3494974375,"12":0.3566310704,"13":0.3642874956,"14":0.3717175126,"15":0.378592521,"16":0.384898901,"17":0.3906513155,"18":0.3959287405,"19":0.4007288814,"20":0.405123651},"val_acc":{"0":0.9978967309,"1":0.9978967309,"2":0.9978967309,"3":0.9978967309,"4":0.9978967309,"5":0.9978967309,"6":0.9978967309,"7":0.9978967309,"8":0.9978967309,"9":0.9978967309,"10":0.9978967309,"11":0.9978967309,"12":0.9978967309,"13":0.9978967309,"14":0.9978967309,"15":0.9978967309,"16":0.9978967309,"17":0.9978967309,"18":0.9978967309,"19":0.9978967309,"20":0.9978967309},"loss":{"0":0.6228213509,"1":0.4850256468,"2":0.3582444439,"3":0.2488080339,"4":0.1623202486,"5":0.1002867157,"6":0.0606073539,"7":0.0361362933,"8":0.0222103665,"9":0.0146572604,"10":0.0105229715,"11":0.0082495619,"12":0.0069564211,"13":0.0061856521,"14":0.005687417,"15":0.0053450978,"16":0.0050406745,"17":0.0048987692,"18":0.0046992398,"19":0.004565675,"20":0.0043716572},"auprc":{"0":0.0002406272,"1":0.0002641622,"2":0.0002083123,"3":0.0002747548,"4":0.0002684912,"5":0.0002693288,"6":0.0002744094,"7":0.0002774459,"8":0.0002791418,"9":0.0002804815,"10":0.0002816762,"11":0.0002837212,"12":0.0002866141,"13":0.0002894693,"14":0.0002928413,"15":0.00029568,"16":0.0002983036,"17":0.0003010179,"18":0.0003037549,"19":0.0003055935,"20":0.0003079592},"auroc":{"0":0.2516988283,"1":0.261400504,"2":0.2879545035,"3":0.312293938,"4":0.3286136733,"5":0.3355771048,"6":0.3392551918,"7":0.3418300139,"8":0.3431742368,"9":0.3429063749,"10":0.344679126,"11":0.3492399223,"12":0.355441694,"13":0.3632109958,"14":0.3700188962,"15":0.3771187753,"16":0.3837319717,"17":0.3894400898,"18":0.3944995991,"19":0.399904322,"20":0.4041714334},"acc":{"0":0.8900720291,"1":0.9996372556,"2":0.9996372433,"3":0.9996372312,"4":0.999637245,"5":0.9996372431,"6":0.9996372437,"7":0.9996372553,"8":0.9996372437,"9":0.9996372437,"10":0.9996372442,"11":0.9996372566,"12":0.9996372441,"13":0.9996372441,"14":0.9996372433,"15":0.9996372558,"16":0.9996372336,"17":0.9996372552,"18":0.9996372528,"19":0.9996372686,"20":0.9996372556}}