{"val_loss":{"0":0.5167073607,"1":0.3888203502,"2":0.2734146714,"3":0.1806820631,"4":0.1136800051,"5":0.0722393394,"6":0.0482460856,"7":0.0355616063,"8":0.0296202004,"9":0.0270916894,"10":0.026155008,"11":0.0258567743,"12":0.0257633012,"13":0.0256805941,"14":0.0255244579,"15":0.0252816956,"16":0.0249527711,"17":0.0245291218,"18":0.0240109582,"19":0.0234620329,"20":0.0228226334},"val_auprc":{"0":0.0001148393,"1":0.0004181719,"2":0.0001932124,"3":0.0002832197,"4":0.0003170043,"5":0.0002595359,"6":0.000278474,"7":0.0002792936,"8":0.0002806871,"9":0.0002817609,"10":0.0002833244,"11":0.0002857007,"12":0.0002885716,"13":0.0002916098,"14":0.0002946117,"15":0.000297465,"16":0.0003001585,"17":0.0003026886,"18":0.0003050761,"19":0.0003073089,"20":0.0003094109},"val_auroc":{"0":0.2401259243,"1":0.2584241927,"2":0.294678539,"3":0.3151283264,"4":0.326690048,"5":0.3341259062,"6":0.3380367756,"7":0.3401365876,"8":0.3411374688,"9":0.3417477608,"10":0.3443412781,"11":0.3498387337,"12":0.3570055366,"13":0.3646402359,"14":0.3720493019,"15":0.3789008856,"16":0.385183394,"17":0.3909127712,"18":0.3961662054,"19":0.4009406567,"20":0.4053154886},"val_acc":{"0":0.9978967309,"1":0.9978967309,"2":0.9978967309,"3":0.9978967309,"4":0.9978967309,"5":0.9978967309,"6":0.9978967309,"7":0.9978967309,"8":0.9978967309,"9":0.9978967309,"10":0.9978967309,"11":0.9978967309,"12":0.9978967309,"13":0.9978967309,"14":0.9978967309,"15":0.9978967309,"16":0.9978967309,"17":0.9978967309,"18":0.9978967309,"19":0.9978967309,"20":0.9978967309},"loss":{"0":0.6173982343,"1":0.4805376358,"2":0.3540673693,"3":0.2453407182,"4":0.159770057,"5":0.098532095,"6":0.0595259963,"7":0.0355130908,"8":0.0219274862,"9":0.0144987093,"10":0.0104473396,"11":0.0081888111,"12":0.0069118434,"13":0.0061674262,"14":0.0056468067,"15":0.0053253316,"16":0.0050635277,"17":0.004885684,"18":0.0046984756,"19":0.0045619973,"20":0.004365993},"auprc":{"0":0.0002749113,"1":0.000320024,"2":0.0002460343,"3":0.000291208,"4":0.0002581867,"5":0.000271484,"6":0.0002711164,"7":0.000277878,"8":0.0002796311,"9":0.0002808488,"10":0.0002820548,"11":0.0002841614,"12":0.000287027,"13":0.0002898405,"14":0.000293204,"15":0.0002959293,"16":0.0002986561,"17":0.0003012463,"18":0.0003039055,"19":0.0003058699,"20":0.0003081811},"auroc":{"0":0.258581876,"1":0.2576119832,"2":0.2879808302,"3":0.3136483351,"4":0.3291114484,"5":0.335755989,"6":0.3397083636,"7":0.3417240507,"8":0.3428522555,"9":0.3430564072,"10":0.3449289588,"11":0.3492832841,"12":0.3555327897,"13":0.363384992,"14":0.3701733023,"15":0.3774250421,"16":0.3838502863,"17":0.3896917518,"18":0.3948052388,"19":0.4000306382,"20":0.4043256878},"acc":{"0":0.8998469619,"1":0.9996372479,"2":0.9996372608,"3":0.9996372529,"4":0.9996372433,"5":0.9996372566,"6":0.9996372357,"7":0.9996372442,"8":0.9996372521,"9":0.9996372679,"10":0.9996372487,"11":0.9996372529,"12":0.999637225,"13":0.9996372566,"14":0.9996372521,"15":0.9996372521,"16":0.9996372459,"17":0.999637225,"18":0.9996372512,"19":0.9996372566,"20":0.999637232}}