{"val_loss":{"0":0.2764708996,"1":0.073512353,"2":0.0296033788,"3":0.0258017201,"4":0.0255125277,"5":0.024551237,"6":0.0228251871,"7":0.0205080006,"8":0.0181357004,"9":0.0157064814,"10":0.0130716302,"11":0.0101867132,"12":0.0082245665,"13":0.0073899147,"14":0.0072904821,"15":0.007079816,"16":0.006850495,"17":0.0068592485,"18":0.0069791027,"19":0.0066150366,"20":0.006774575},"val_auprc":{"0":0.0001743403,"1":0.0003253515,"2":0.0002751542,"3":0.0002812812,"4":0.0002909739,"5":0.0002996035,"6":0.0003066989,"7":0.0003125962,"8":0.0003175795,"9":0.0003220067,"10":0.0003273706,"11":0.0003382204,"12":0.0003557155,"13":0.0003777815,"14":0.0004030191,"15":0.0004295249,"16":0.0004577181,"17":0.0004857756,"18":0.0005149313,"19":0.0005447896,"20":0.0005765682},"val_auroc":{"0":0.2849923968,"1":0.3210988641,"2":0.3314526379,"3":0.3435813189,"4":0.3677734435,"5":0.3878113329,"6":0.4028833508,"7":0.4144504964,"8":0.4235636294,"9":0.4311754405,"10":0.4398429096,"11":0.4553565383,"12":0.4762206078,"13":0.4978561103,"14":0.5184199214,"15":0.5368472934,"16":0.5538390875,"17":0.5685784221,"18":0.5820754766,"19":0.5941705704,"20":0.6060522199},"val_acc":{"0":0.9978967309,"1":0.9978967309,"2":0.9978967309,"3":0.9978967309,"4":0.9978967309,"5":0.9978967309,"6":0.9978967309,"7":0.9978967309,"8":0.9978967309,"9":0.9978967309,"10":0.9978967309,"11":0.9978967309,"12":0.9978967309,"13":0.9978967309,"14":0.9978967309,"15":0.9978967309,"16":0.9978967309,"17":0.9978967309,"18":0.9978967309,"19":0.9978967309,"20":0.9978967309},"loss":{"0":0.4826940699,"1":0.1716748147,"2":0.0392458169,"3":0.0110632103,"4":0.0062481649,"5":0.0051024121,"6":0.0045811948,"7":0.004160819,"8":0.0038018757,"9":0.0034395635,"10":0.003089098,"11":0.0027276799,"12":0.0024887987,"13":0.0023637798,"14":0.0022936636,"15":0.0022539534,"16":0.0022416008,"17":0.0022227852,"18":0.0022014581,"19":0.0021850573,"20":0.002174738},"auprc":{"0":0.000201935,"1":0.0002767673,"2":0.0002702811,"3":0.0002762935,"4":0.0002841037,"5":0.0002942927,"6":0.0003025348,"7":0.0003088642,"8":0.0003141182,"9":0.000319223,"10":0.0003233925,"11":0.0003305153,"12":0.0003452746,"13":0.000364317,"14":0.0003894045,"15":0.0004149412,"16":0.0004417964,"17":0.0004699051,"18":0.0004989209,"19":0.0005270972,"20":0.0005591601},"auroc":{"0":0.272458432,"1":0.3176239836,"2":0.33321387,"3":0.3402061233,"4":0.3612030468,"5":0.3811361796,"6":0.397388956,"7":0.4103389801,"8":0.4204264969,"9":0.4282144672,"10":0.4357004706,"11":0.446658284,"12":0.4655376706,"13":0.4869072367,"14":0.5084384632,"15":0.5278851346,"16":0.5453063154,"17":0.5611615622,"18":0.5752909755,"19":0.5879058093,"20":0.6002389566},"acc":{"0":0.9680513772,"1":0.9996372511,"2":0.9996372568,"3":0.9996372534,"4":0.9996372468,"5":0.9996372408,"6":0.9996372441,"7":0.9996372568,"8":0.9996372528,"9":0.9996372491,"10":0.9996372528,"11":0.9996372495,"12":0.9996372408,"13":0.9996372534,"14":0.9996341982,"15":0.9996352079,"16":0.9996341919,"17":0.9996301224,"18":0.9996331696,"19":0.9996382698,"20":0.999634188}}