{"val_loss":{"0":0.0291635729,"1":0.0245269239,"2":0.0174956601,"3":0.0099002663,"4":0.0069544003,"5":0.006939563,"6":0.0068032723,"7":0.0071280072,"8":0.0067524812,"9":0.0069212061,"10":0.0064594382},"val_auprc":{"0":0.0002749906,"1":0.0002973064,"2":0.000314974,"3":0.00034352,"4":0.0004127926,"5":0.0004979254,"6":0.0005867429,"7":0.0006827018,"8":0.0007834205,"9":0.0008891227,"10":0.0009980315},"val_auroc":{"0":0.3287033439,"1":0.3818764091,"2":0.4187061191,"3":0.4619016349,"4":0.5258279443,"5":0.57473737,"6":0.6094707847,"7":0.6377735138,"8":0.6602929831,"9":0.6797996759,"10":0.6954166293},"val_acc":{"0":0.9978967309,"1":0.9978967309,"2":0.9978967309,"3":0.9978967309,"4":0.9978967309,"5":0.9978967309,"6":0.9978967309,"7":0.9978967309,"8":0.9978967309,"9":0.9978967309,"10":0.9978967309},"loss":{"0":0.2333647919,"1":0.0072339543,"2":0.004090176,"3":0.0029666654,"4":0.0023510339,"5":0.0022357467,"6":0.0022197457,"7":0.0021650255,"8":0.0021325768,"9":0.002145676,"10":0.0020921045},"auprc":{"0":0.0002383078,"1":0.0002799706,"2":0.0003043563,"3":0.0003206337,"4":0.0003655624,"5":0.0004455966,"6":0.0005349555,"7":0.0006275659,"8":0.0007257909,"9":0.0008287289,"10":0.0009338629},"auroc":{"0":0.3217334626,"1":0.3586884007,"2":0.4047047993,"3":0.4344279366,"4":0.4913761094,"5":0.5490348871,"6":0.5913357836,"7":0.6232511032,"8":0.6487551134,"9":0.6693586492,"10":0.6870507181},"acc":{"0":0.9895352341,"1":0.9996372433,"2":0.9996372477,"3":0.9996372526,"4":0.9996372471,"5":0.9996362307,"6":0.9996372402,"7":0.9996362237,"8":0.9996372507,"9":0.9996372541,"10":0.9996372492}}