{"val_loss":{"0":0.3480211794,"1":0.1332865804,"2":0.0483172238,"3":0.0285066366,"4":0.0259803534,"5":0.025819499,"6":0.0254086908,"7":0.0245233104,"8":0.0230508111,"9":0.0213683806,"10":0.0195768755,"11":0.0175831486,"12":0.015365201,"13":0.013372574,"14":0.0115843257,"15":0.0094868811,"16":0.0080422591,"17":0.0078122118,"18":0.0073855361,"19":0.0072820415,"20":0.0070343716},"val_auprc":{"0":0.0003828336,"1":0.0002016958,"2":0.0002769241,"3":0.0002783844,"4":0.0002822645,"5":0.0002892104,"6":0.0002961353,"7":0.0003021919,"8":0.0003074202,"9":0.0003119622,"10":0.0003159458,"11":0.0003195178,"12":0.0003227528,"13":0.0003266101,"14":0.000333555,"15":0.0003435045,"16":0.0003584461,"17":0.0003756103,"18":0.0003934928,"19":0.0004123435,"20":0.0004321357},"val_auroc":{"0":0.2729694247,"1":0.3138686419,"2":0.3314534426,"3":0.3357846439,"4":0.3428535163,"5":0.3604030311,"6":0.3773762882,"7":0.3912479877,"8":0.4024473727,"9":0.4115972817,"10":0.4191884995,"11":0.4256606996,"12":0.4312542081,"13":0.4376146197,"14":0.4481531978,"15":0.4614773095,"16":0.4787586927,"17":0.495739758,"18":0.5112494826,"19":0.5255749226,"20":0.5388855338},"val_acc":{"0":0.9978967309,"1":0.9978967309,"2":0.9978967309,"3":0.9978967309,"4":0.9978967309,"5":0.9978967309,"6":0.9978967309,"7":0.9978967309,"8":0.9978967309,"9":0.9978967309,"10":0.9978967309,"11":0.9978967309,"12":0.9978967309,"13":0.9978967309,"14":0.9978967309,"15":0.9978967309,"16":0.9978967309,"17":0.9978967309,"18":0.9978967309,"19":0.9978967309,"20":0.9978967309},"loss":{"0":0.5435714809,"1":0.2615581439,"2":0.0920152943,"3":0.0283070617,"4":0.0110781841,"5":0.0068105927,"6":0.0055198859,"7":0.0049197043,"8":0.0045677508,"9":0.0042400215,"10":0.0039583747,"11":0.003648773,"12":0.0033451662,"13":0.0030758351,"14":0.0027963089,"15":0.0025894744,"16":0.0024261524,"17":0.0023327899,"18":0.0023162528,"19":0.0022784461,"20":0.0022411984},"auprc":{"0":0.0002894,"1":0.0002396408,"2":0.000265546,"3":0.0002755732,"4":0.0002783213,"5":0.0002848722,"6":0.0002922876,"7":0.0002985913,"8":0.0003041408,"9":0.0003093767,"10":0.0003133725,"11":0.0003169737,"12":0.0003205252,"13":0.0003236737,"14":0.0003293719,"15":0.0003374297,"16":0.000349712,"17":0.0003659283,"18":0.000383813,"19":0.000401688,"20":0.0004209756},"auroc":{"0":0.2744576294,"1":0.3142047609,"2":0.3313753457,"3":0.3391969905,"4":0.3442771441,"5":0.3551935887,"6":0.3717214369,"7":0.3868321499,"8":0.3989082386,"9":0.4083680457,"10":0.416675718,"11":0.4236121018,"12":0.4293716183,"13":0.4352466879,"14":0.4430087068,"15":0.4548027597,"16":0.4703839451,"17":0.4874986227,"18":0.503735739,"19":0.5186310152,"20":0.5323059003},"acc":{"0":0.9532712971,"1":0.9996372458,"2":0.9996372587,"3":0.9996372633,"4":0.9996372535,"5":0.9996372535,"6":0.9996372535,"7":0.999637249,"8":0.9996372465,"9":0.9996372444,"10":0.9996372438,"11":0.9996372465,"12":0.9996372511,"13":0.9996372438,"14":0.9996372594,"15":0.9996372465,"16":0.9996372458,"17":0.9996362262,"18":0.9996352164,"19":0.9996372542,"20":0.9996372563}}