{"val_loss":{"0":0.5224778056,"1":0.3945972621,"2":0.2775244415,"3":0.1836499125,"4":0.1162450835,"5":0.0739650354,"6":0.0491779409,"7":0.0359837711,"8":0.0298039317,"9":0.0271754228,"10":0.0261986032,"11":0.0258844811,"12":0.0257550236,"13":0.02570167,"14":0.0255881716,"15":0.0253332108,"16":0.0249941442,"17":0.0245300978,"18":0.0239830147,"19":0.023332227,"20":0.0225664172},"val_auprc":{"0":0.0002114216,"1":0.000180189,"2":0.0002380191,"3":0.0002131401,"4":0.0003583471,"5":0.0002570463,"6":0.0002813494,"7":0.0002804887,"8":0.0002819204,"9":0.0002828952,"10":0.0002842612,"11":0.0002864779,"12":0.0002892687,"13":0.0002922479,"14":0.0002952209,"15":0.000298056,"16":0.0003007356,"17":0.0003032551,"18":0.0003056326,"19":0.0003078535,"20":0.0003099409},"val_auroc":{"0":0.2525157034,"1":0.2627020776,"2":0.2955266833,"3":0.3171171546,"4":0.3291561604,"5":0.3363006115,"6":0.34012568,"7":0.3423009515,"8":0.3431875408,"9":0.3435120583,"10":0.3455491662,"11":0.3505797684,"12":0.357540518,"13":0.3650428057,"14":0.3724099994,"15":0.3792477846,"16":0.3855248094,"17":0.3912544847,"18":0.3965070844,"19":0.4012748301,"20":0.4056350887},"val_acc":{"0":0.9978967309,"1":0.9978967309,"2":0.9978967309,"3":0.9978967309,"4":0.9978967309,"5":0.9978967309,"6":0.9978967309,"7":0.9978967309,"8":0.9978967309,"9":0.9978967309,"10":0.9978967309,"11":0.9978967309,"12":0.9978967309,"13":0.9978967309,"14":0.9978967309,"15":0.9978967309,"16":0.9978967309,"17":0.9978967309,"18":0.9978967309,"19":0.9978967309,"20":0.9978967309},"loss":{"0":0.6355121627,"1":0.5012581051,"2":0.3732571152,"3":0.2604764054,"4":0.1713779038,"5":0.1065415176,"6":0.0647297492,"7":0.0385217824,"8":0.0235343758,"9":0.0153375349,"10":0.0109582249,"11":0.0084584589,"12":0.0070966325,"13":0.006267892,"14":0.0057398005,"15":0.0053823048,"16":0.0051106652,"17":0.004927205,"18":0.0047203396,"19":0.0045716338,"20":0.0044190221},"auprc":{"0":0.0003499132,"1":0.0001818952,"2":0.0002898334,"3":0.0002430005,"4":0.0002412055,"5":0.0002721647,"6":0.0002825113,"7":0.000279054,"8":0.0002806146,"9":0.0002820041,"10":0.0002830831,"11":0.0002850803,"12":0.0002878021,"13":0.000290717,"14":0.0002938551,"15":0.0002967052,"16":0.0002992833,"17":0.0003019622,"18":0.0003045691,"19":0.0003064676,"20":0.0003087131},"auroc":{"0":0.2650947222,"1":0.2704037827,"2":0.2917701079,"3":0.3164223545,"4":0.333053195,"5":0.3380082981,"6":0.3416471627,"7":0.3444122333,"8":0.3459756639,"9":0.3452486888,"10":0.3468011554,"11":0.3506908842,"12":0.3567842122,"13":0.3641559736,"14":0.3711698628,"15":0.3781009074,"16":0.3846776961,"17":0.3903287226,"18":0.3954474744,"19":0.4007073091,"20":0.4049978993},"acc":{"0":0.8669527274,"1":0.9996372397,"2":0.9996372258,"3":0.9996372354,"4":0.9996372355,"5":0.9996372604,"6":0.9996372368,"7":0.9996372632,"8":0.9996372604,"9":0.9996372646,"10":0.9996372326,"11":0.9996372675,"12":0.9996372411,"13":0.9996372632,"14":0.9996372368,"15":0.999637223,"16":0.9996372508,"17":0.9996372508,"18":0.999637255,"19":0.9996372508,"20":0.9996372369}}