{"val_loss":{"0":0.1383877993,"1":0.02867781,"2":0.0257777944,"3":0.0248535499,"4":0.0223076306,"5":0.018836122,"6":0.0153778493,"7":0.0118361078,"8":0.0084403381,"9":0.0077343462,"10":0.0068622725,"11":0.0063434518,"12":0.0061853402,"13":0.0069096899,"14":0.0071486253,"15":0.0067396252,"16":0.0067866421,"17":0.0067933672,"18":0.006903498,"19":0.006890472,"20":0.0060594091},"val_auprc":{"0":0.0003755263,"1":0.0002719196,"2":0.0002835286,"3":0.0002971735,"4":0.0003074782,"5":0.0003154039,"6":0.0003218621,"7":0.0003328688,"8":0.0003562674,"9":0.0003899143,"10":0.0004262279,"11":0.0004665888,"12":0.0005386563,"13":0.000578154,"14":0.000622201,"15":0.0006674742,"16":0.0007150103,"17":0.0007649475,"18":0.0008218737,"19":0.0008820784,"20":0.0009367752},"val_auroc":{"0":0.3053286076,"1":0.3250463605,"2":0.3515657783,"3":0.3842516541,"4":0.40594244,"5":0.4208584726,"6":0.4319303632,"7":0.4487315416,"8":0.4771011472,"9":0.5082310438,"10":0.5341500044,"11":0.557361722,"12":0.578725338,"13":0.5962070227,"14":0.6118019819,"15":0.6256633401,"16":0.6383413076,"17":0.6500408649,"18":0.660589397,"19":0.6701845527,"20":0.6794627309},"val_acc":{"0":0.9978967309,"1":0.9978967309,"2":0.9978967309,"3":0.9978967309,"4":0.9978967309,"5":0.9978967309,"6":0.9978967309,"7":0.9978967309,"8":0.9978967309,"9":0.9978967309,"10":0.9978967309,"11":0.9978967309,"12":0.9978967309,"13":0.9978967309,"14":0.9978967309,"15":0.9978967309,"16":0.9978967309,"17":0.9978967309,"18":0.9978967309,"19":0.9978967309,"20":0.9978967309},"loss":{"0":0.4035641788,"1":0.0623251288,"2":0.0092512885,"3":0.0053174552,"4":0.0045482082,"5":0.0039920311,"6":0.0035152893,"7":0.0030069284,"8":0.0025720027,"9":0.0023527819,"10":0.0022849615,"11":0.002252714,"12":0.0022094397,"13":0.0022069019,"14":0.0021958138,"15":0.002167144,"16":0.0021492268,"17":0.0021201545,"18":0.0021054374,"19":0.0020571614,"20":0.0020622037},"auprc":{"0":0.0002356108,"1":0.0002580113,"2":0.0002752863,"3":0.0002889408,"4":0.0002996998,"5":0.0003099908,"6":0.0003176672,"7":0.0003248952,"8":0.0003409807,"9":0.0003705078,"10":0.0004047962,"11":0.0004421425,"12":0.0005161979,"13":0.0005556765,"14":0.0005979635,"15":0.0006421715,"16":0.0006881804,"17":0.0007358497,"18":0.0007902045,"19":0.000846071,"20":0.0009058073},"auroc":{"0":0.2753558052,"1":0.3305463803,"2":0.3400557014,"3":0.3726601944,"4":0.3992903232,"5":0.4154590747,"6":0.4275831507,"7":0.439361575,"8":0.461665297,"9":0.4922004744,"10":0.5208288895,"11":0.5450768324,"12":0.5681083926,"13":0.5871511538,"14":0.6038804501,"15":0.6186588504,"16":0.6319075842,"17":0.6438919794,"18":0.6553658551,"19":0.665154328,"20":0.6747636101},"acc":{"0":0.9779292102,"1":0.9996372489,"2":0.9996372374,"3":0.9996372419,"4":0.9996372505,"5":0.9996372464,"6":0.9996372465,"7":0.9996372419,"8":0.9996372464,"9":0.9996372556,"10":0.9996362182,"11":0.9996331707,"12":0.9996331702,"13":0.9996280738,"14":0.9996352046,"15":0.9996362278,"16":0.9996362323,"17":0.9996362232,"18":0.9996382606,"19":0.9996382656,"20":0.9996362313}}