{"val_loss":{"0":0.5585842729,"1":0.4747659862,"2":0.3888095319,"3":0.309484601,"4":0.2398777604,"5":0.1806480289,"6":0.1330325603,"7":0.0973472744,"8":0.0722583383,"9":0.0547874272,"10":0.043023292,"11":0.0355873778,"12":0.0311480239,"13":0.0285427123,"14":0.0271215029,"15":0.0263948236,"16":0.0260404535,"17":0.0258820299,"18":0.0258080103,"19":0.0257570483,"20":0.0257007927},"val_auprc":{"0":0.0001602487,"1":0.0002541175,"2":0.0001786155,"3":0.0003127328,"4":0.0001767673,"5":0.0004475113,"6":0.000385882,"7":0.0003075348,"8":0.0002608484,"9":0.0002770914,"10":0.0002799156,"11":0.0002808131,"12":0.0002816063,"13":0.0002823019,"14":0.0002829484,"15":0.0002838326,"16":0.0002851017,"17":0.0002867176,"18":0.0002885697,"19":0.0002905396,"20":0.0002925396},"val_auroc":{"0":0.2677146792,"1":0.2543276548,"2":0.2659169436,"3":0.2889954448,"4":0.3062714636,"5":0.3181221783,"6":0.3262337446,"7":0.3321774006,"8":0.3362172842,"9":0.3387535512,"10":0.3405312002,"11":0.3416914344,"12":0.3422288299,"13":0.3425380588,"14":0.3429802656,"15":0.3442961276,"16":0.3469662964,"17":0.3508363962,"18":0.3554880619,"19":0.3604913354,"20":0.3655432463},"val_acc":{"0":0.9978967309,"1":0.9978967309,"2":0.9978967309,"3":0.9978967309,"4":0.9978967309,"5":0.9978967309,"6":0.9978967309,"7":0.9978967309,"8":0.9978967309,"9":0.9978967309,"10":0.9978967309,"11":0.9978967309,"12":0.9978967309,"13":0.9978967309,"14":0.9978967309,"15":0.9978967309,"16":0.9978967309,"17":0.9978967309,"18":0.9978967309,"19":0.9978967309,"20":0.9978967309},"loss":{"0":0.6491520784,"1":0.5465680355,"2":0.4624018736,"3":0.3767290081,"4":0.2987756021,"5":0.2310381318,"6":0.173560247,"7":0.1269077335,"8":0.0913277471,"9":0.0652628306,"10":0.0462162797,"11":0.0328110045,"12":0.0237795162,"13":0.0177704861,"14":0.0136969285,"15":0.0110131499,"16":0.0091775251,"17":0.007980961,"18":0.007121678,"19":0.0065255456,"20":0.0060583367},"auprc":{"0":0.0001975446,"1":0.0002614658,"2":0.000285282,"3":0.0002800456,"4":0.0002702365,"5":0.0003315798,"6":0.0003017466,"7":0.0002677343,"8":0.0002666369,"9":0.0002770847,"10":0.0002782846,"11":0.0002799915,"12":0.0002807938,"13":0.0002814555,"14":0.0002822334,"15":0.0002831254,"16":0.0002841449,"17":0.0002857883,"18":0.0002878263,"19":0.000289512,"20":0.000291665},"auroc":{"0":0.2820384547,"1":0.2647179872,"2":0.265887099,"3":0.2878047367,"4":0.3074991112,"5":0.3183715506,"6":0.3277042486,"7":0.3333881156,"8":0.337518198,"9":0.3398410584,"10":0.3424414381,"11":0.3432143165,"12":0.3439047479,"13":0.3443649987,"14":0.344343544,"15":0.3450635904,"16":0.3476876818,"17":0.3509353479,"18":0.3548460927,"19":0.3603086549,"20":0.3649795209},"acc":{"0":0.8258527573,"1":0.9994884751,"2":0.9996372554,"3":0.9996372533,"4":0.9996372648,"5":0.9996372513,"6":0.9996372391,"7":0.9996372554,"8":0.9996372533,"9":0.9996372697,"10":0.9996372411,"11":0.9996372554,"12":0.999637237,"13":0.9996372432,"14":0.999637237,"15":0.9996372359,"16":0.9996372648,"17":0.9996372565,"18":0.9996372439,"19":0.9996372432,"20":0.9996372513}}