{"val_loss":{"0":0.4322097898,"1":0.240262717,"2":0.1138089448,"3":0.0548731983,"4":0.0330380611,"5":0.027062783,"6":0.0258901231,"7":0.0257712435,"8":0.025591692,"9":0.0252416413,"10":0.0245121364,"11":0.0235053115,"12":0.0222660247,"13":0.0209955163,"14":0.0196236651,"15":0.0182514302,"16":0.0167046413,"17":0.0151891848,"18":0.0138095487,"19":0.0121370144,"20":0.0103299115},"val_auprc":{"0":0.000139855,"1":0.0003425963,"2":0.0002196754,"3":0.0002817314,"4":0.0002787038,"5":0.000280716,"6":0.000283747,"7":0.0002885259,"8":0.0002936453,"9":0.0002984021,"10":0.0003027005,"11":0.0003065634,"12":0.0003100451,"13":0.0003131992,"14":0.0003160701,"15":0.0003186979,"16":0.0003211134,"17":0.0003234513,"18":0.0003260805,"19":0.0003304026,"20":0.000336781},"val_auroc":{"0":0.256129235,"1":0.295663774,"2":0.3230672181,"3":0.334148705,"4":0.3384604156,"5":0.3399637341,"6":0.3458485603,"7":0.3577311635,"8":0.3704836369,"9":0.381826967,"10":0.3915835023,"11":0.3999369144,"12":0.407130897,"13":0.413376689,"14":0.4188405871,"15":0.4236610532,"16":0.4279415607,"17":0.4319537878,"18":0.4363154769,"19":0.4431691468,"20":0.4524354637},"val_acc":{"0":0.9978967309,"1":0.9978967309,"2":0.9978967309,"3":0.9978967309,"4":0.9978967309,"5":0.9978967309,"6":0.9978967309,"7":0.9978967309,"8":0.9978967309,"9":0.9978967309,"10":0.9978967309,"11":0.9978967309,"12":0.9978967309,"13":0.9978967309,"14":0.9978967309,"15":0.9978967309,"16":0.9978967309,"17":0.9978967309,"18":0.9978967309,"19":0.9978967309,"20":0.9978967309},"loss":{"0":0.5863246976,"1":0.3688459681,"2":0.1965332266,"3":0.0893885196,"4":0.0382657596,"5":0.0175080767,"6":0.009907003,"7":0.0070423057,"8":0.0058509428,"9":0.0052144039,"10":0.0048794247,"11":0.004576365,"12":0.0043401218,"13":0.0040802008,"14":0.0039161114,"15":0.0036815031,"16":0.0034940321,"17":0.0032891991,"18":0.0030593982,"19":0.0028406543,"20":0.0026721252},"auprc":{"0":0.0001727698,"1":0.0002288363,"2":0.0001905034,"3":0.000274801,"4":0.0002751734,"5":0.0002788217,"6":0.0002815757,"7":0.0002857019,"8":0.0002906119,"9":0.000295839,"10":0.0003002033,"11":0.0003041788,"12":0.0003079094,"13":0.0003110166,"14":0.000314454,"15":0.000317071,"16":0.0003193884,"17":0.0003218336,"18":0.0003246049,"19":0.0003273819,"20":0.0003328221},"auroc":{"0":0.2679720697,"1":0.2942295562,"2":0.319314157,"3":0.3355819681,"4":0.3440432175,"5":0.3428547708,"6":0.3450935101,"7":0.3547126843,"8":0.3673287323,"9":0.3785065285,"10":0.3888659053,"11":0.3976839256,"12":0.4050994817,"13":0.4117786723,"14":0.417103737,"15":0.4222080381,"16":0.4267718517,"17":0.4307489595,"18":0.4347418891,"19":0.4400849204,"20":0.4478851543},"acc":{"0":0.931537775,"1":0.9996372562,"2":0.99963726,"3":0.9996372457,"4":0.99963724,"5":0.9996372606,"6":0.9996372464,"7":0.9996372554,"8":0.999637249,"9":0.9996372502,"10":0.9996372562,"11":0.9996372562,"12":0.9996372516,"13":0.9996372528,"14":0.9996372483,"15":0.9996372509,"16":0.9996372419,"17":0.9996372419,"18":0.9996372528,"19":0.999637249,"20":0.99963724}}