{"val_loss":{"0":0.5669310093,"1":0.4880677462,"2":0.4016880989,"3":0.319981873,"4":0.248273015,"5":0.1871760041,"6":0.1378926933,"7":0.1006721035,"8":0.0744647756,"9":0.0564449057,"10":0.0440454818,"11":0.0362333991,"12":0.0314975455,"13":0.0287291016,"14":0.0272184405,"15":0.0264428481,"16":0.026066646,"17":0.0258989017,"18":0.0258261543,"19":0.0257748254,"20":0.0257176049},"val_auprc":{"0":0.0003144215,"1":0.0002159766,"2":0.0002508938,"3":0.0003150259,"4":0.0002245674,"5":0.0003085108,"6":0.0003434393,"7":0.0002804098,"8":0.0002595875,"9":0.0002734822,"10":0.0002785901,"11":0.0002798364,"12":0.0002808393,"13":0.0002815952,"14":0.000282361,"15":0.0002832765,"16":0.0002845528,"17":0.0002861858,"18":0.0002880578,"19":0.0002900472,"20":0.000292066},"val_auroc":{"0":0.2500508428,"1":0.2390229106,"2":0.2540893555,"3":0.2806409001,"4":0.3015429974,"5":0.3151108921,"6":0.3244689107,"7":0.33145082,"8":0.3361745477,"9":0.3390346766,"10":0.340985775,"11":0.3423505425,"12":0.3431081772,"13":0.3435533643,"14":0.343996048,"15":0.3451685905,"16":0.3476636112,"17":0.3514113426,"18":0.3559719026,"19":0.3609026372,"20":0.3658968806},"val_acc":{"0":0.9978967309,"1":0.9978967309,"2":0.9978967309,"3":0.9978967309,"4":0.9978967309,"5":0.9978967309,"6":0.9978967309,"7":0.9978967309,"8":0.9978967309,"9":0.9978967309,"10":0.9978967309,"11":0.9978967309,"12":0.9978967309,"13":0.9978967309,"14":0.9978967309,"15":0.9978967309,"16":0.9978967309,"17":0.9978967309,"18":0.9978967309,"19":0.9978967309,"20":0.9978967309},"loss":{"0":0.6452712477,"1":0.5527217662,"2":0.4734562918,"3":0.3867363241,"4":0.3066692051,"5":0.2372958568,"6":0.1784008693,"7":0.1304687151,"8":0.0937946103,"9":0.0671030468,"10":0.0475750147,"11":0.0337327658,"12":0.0243388456,"13":0.0181235782,"14":0.0139263504,"15":0.0111587777,"16":0.0093003943,"17":0.0080595306,"18":0.0071763228,"19":0.0065773208,"20":0.0060769819},"auprc":{"0":0.000216908,"1":0.0002807476,"2":0.000305517,"3":0.0002620512,"4":0.0002480544,"5":0.0002595158,"6":0.0002735286,"7":0.0002704673,"8":0.0002705712,"9":0.0002734086,"10":0.0002768018,"11":0.0002788813,"12":0.000280056,"13":0.0002807321,"14":0.0002816966,"15":0.0002825769,"16":0.0002835661,"17":0.0002852492,"18":0.0002872693,"19":0.0002889803,"20":0.0002911777},"auroc":{"0":0.2660151884,"1":0.2489690568,"2":0.2528325941,"3":0.2781865486,"4":0.3019526682,"5":0.3148745288,"6":0.3250956604,"7":0.3322116378,"8":0.3380426978,"9":0.3402970073,"10":0.3427115465,"11":0.3437846241,"12":0.3445997635,"13":0.3454342374,"14":0.3451718621,"15":0.3459522755,"16":0.348491974,"17":0.3514884436,"18":0.3553420026,"19":0.3607221293,"20":0.3652756338},"acc":{"0":0.8406460997,"1":0.9993162701,"2":0.9996372644,"3":0.9996372338,"4":0.9996372485,"5":0.9996372382,"6":0.9996372644,"7":0.9996372368,"8":0.9996372542,"9":0.9996372688,"10":0.999637228,"11":0.9996372338,"12":0.9996372614,"13":0.9996372222,"14":0.9996372368,"15":0.9996372658,"16":0.9996372468,"17":0.99963726,"18":0.9996372453,"19":0.9996372512,"20":0.9996372412}}