{"val_loss":{"0":0.5167018771,"1":0.3888295293,"2":0.2734444439,"3":0.1808698773,"4":0.1138146967,"5":0.0723111704,"6":0.0483113714,"7":0.0355819613,"8":0.0296264123,"9":0.0271330532,"10":0.026213143,"11":0.0258985385,"12":0.0257987361,"13":0.0257106349,"14":0.0255721696,"15":0.0253453478,"16":0.0250605065,"17":0.0246882569,"18":0.0242229234,"19":0.0236213487,"20":0.0229443479},"val_auprc":{"0":0.0001944673,"1":0.0002325501,"2":0.0002147884,"3":0.0001941897,"4":0.0003362437,"5":0.0002982126,"6":0.0002769771,"7":0.0002795769,"8":0.0002810074,"9":0.0002820512,"10":0.0002835216,"11":0.0002858353,"12":0.0002886774,"13":0.0002916896,"14":0.0002946748,"15":0.000297517,"16":0.0003002033,"17":0.0003027388,"18":0.0003051228,"19":0.0003073621,"20":0.0003094669},"val_auroc":{"0":0.2519109249,"1":0.2648723125,"2":0.2945690155,"3":0.3152709901,"4":0.3275027275,"5":0.3347018361,"6":0.3385201693,"7":0.3407429457,"8":0.3416828215,"9":0.3421589136,"10":0.344497025,"11":0.3498102427,"12":0.3569090366,"13":0.3644889593,"14":0.3718721271,"15":0.3787145615,"16":0.3849970102,"17":0.390756011,"18":0.3960158527,"19":0.4008182883,"20":0.4052102566},"val_acc":{"0":0.9978967309,"1":0.9978967309,"2":0.9978967309,"3":0.9978967309,"4":0.9978967309,"5":0.9978967309,"6":0.9978967309,"7":0.9978967309,"8":0.9978967309,"9":0.9978967309,"10":0.9978967309,"11":0.9978967309,"12":0.9978967309,"13":0.9978967309,"14":0.9978967309,"15":0.9978967309,"16":0.9978967309,"17":0.9978967309,"18":0.9978967309,"19":0.9978967309,"20":0.9978967309},"loss":{"0":0.6288775643,"1":0.4899507447,"2":0.3627250025,"3":0.252618884,"4":0.1652271197,"5":0.1021837972,"6":0.0617847956,"7":0.0368190409,"8":0.0225811383,"9":0.0148036602,"10":0.0106082747,"11":0.0083038097,"12":0.0069813954,"13":0.00618421,"14":0.0056782808,"15":0.0053674115,"16":0.0050854425,"17":0.0048797993,"18":0.0046884667,"19":0.0045249155,"20":0.0043608163},"auprc":{"0":0.0001881202,"1":0.0002498301,"2":0.0002794259,"3":0.0002335276,"4":0.0002703815,"5":0.0002677802,"6":0.0002747462,"7":0.0002781869,"8":0.0002798561,"9":0.0002812437,"10":0.0002822914,"11":0.0002841244,"12":0.0002871446,"13":0.000289968,"14":0.000293203,"15":0.0002961104,"16":0.0002987542,"17":0.0003013704,"18":0.000304023,"19":0.0003059165,"20":0.0003082508},"auroc":{"0":0.2606210552,"1":0.2723899267,"2":0.2898878714,"3":0.3144952111,"4":0.3308514467,"5":0.336064879,"6":0.3397068529,"7":0.3424186954,"8":0.3438394277,"9":0.343377031,"10":0.3453911134,"11":0.3501080993,"12":0.3558018334,"13":0.3635178448,"14":0.3704360253,"15":0.3773224974,"16":0.3838404128,"17":0.3896461641,"18":0.3947488791,"19":0.4000826971,"20":0.4043579914},"acc":{"0":0.8791212175,"1":0.9996372456,"2":0.9996372561,"3":0.999637258,"4":0.9996372595,"5":0.9996372459,"6":0.9996372441,"7":0.9996372432,"8":0.9996372561,"9":0.9996372443,"10":0.9996372459,"11":0.9996372475,"12":0.9996372477,"13":0.9996372691,"14":0.9996372561,"15":0.9996372329,"16":0.9996372459,"17":0.9996372468,"18":0.9996372329,"19":0.9996372477,"20":0.9996372589}}