{"val_loss":{"0":0.4514119923,"1":0.2509137988,"2":0.1196285486,"3":0.0569884144,"4":0.0336208008,"5":0.0271703303,"6":0.0259041507,"7":0.0257249102,"8":0.0255430136,"9":0.0251380075,"10":0.0244574342},"val_auprc":{"0":0.0003358253,"1":0.0001322655,"2":0.0002998939,"3":0.0002835346,"4":0.0002798593,"5":0.0002817815,"6":0.0002846919,"7":0.0002893509,"8":0.0002943143,"9":0.0002989549,"10":0.0003031579},"val_auroc":{"0":0.266877085,"1":0.3019256294,"2":0.3272272646,"3":0.3376526237,"4":0.3411965072,"5":0.342214942,"6":0.3475810587,"7":0.3590575457,"8":0.3713570237,"9":0.3824056685,"10":0.3919480443},"val_acc":{"0":0.9978967309,"1":0.9978967309,"2":0.9978967309,"3":0.9978967309,"4":0.9978967309,"5":0.9978967309,"6":0.9978967309,"7":0.9978967309,"8":0.9978967309,"9":0.9978967309,"10":0.9978967309},"loss":{"0":0.5904385433,"1":0.3750718802,"2":0.1992579032,"3":0.0906513429,"4":0.0386247721,"5":0.0175387756,"6":0.0099069596,"7":0.0070595695,"8":0.0058620004,"9":0.0052548208,"10":0.0049129266},"auprc":{"0":0.0002164935,"1":0.000262004,"2":0.0002305359,"3":0.0002981783,"4":0.0002766672,"5":0.0002800269,"6":0.0002824912,"7":0.0002864772,"8":0.0002914073,"9":0.0002964713,"10":0.0003006659},"auroc":{"0":0.2607879928,"1":0.2986261362,"2":0.3239971691,"3":0.3390749097,"4":0.3461359181,"5":0.344911002,"6":0.34682428,"7":0.3560118947,"8":0.3679748882,"9":0.3789087221,"10":0.3891597495},"acc":{"0":0.9333505157,"1":0.9996372376,"2":0.9996372596,"3":0.9996372356,"4":0.9996372407,"5":0.9996372352,"6":0.9996372588,"7":0.9996372449,"8":0.9996372341,"9":0.9996372433,"10":0.9996372476}}