{"val_loss":{"0":0.1868062168,"1":0.0365423933,"2":0.025970459,"3":0.0255630966,"4":0.0239755549,"5":0.0212950651,"6":0.0181163251,"7":0.0149240745,"8":0.0115839131,"9":0.0090277186,"10":0.0074330033},"val_auprc":{"0":0.0000910911,"1":0.0002719901,"2":0.0002798411,"3":0.0002924249,"4":0.0003030072,"5":0.0003112166,"6":0.0003177814,"7":0.0003233645,"8":0.0003332604,"9":0.0003533987,"10":0.0003798528},"val_auroc":{"0":0.3034895658,"1":0.3256807327,"2":0.3408560753,"3":0.372005105,"4":0.3957661092,"5":0.4122669101,"6":0.4242841899,"7":0.4337214231,"8":0.4488398731,"9":0.4740460515,"10":0.4999734461},"val_acc":{"0":0.9978967309,"1":0.9978967309,"2":0.9978967309,"3":0.9978967309,"4":0.9978967309,"5":0.9978967309,"6":0.9978967309,"7":0.9978967309,"8":0.9978967309,"9":0.9978967309,"10":0.9978967309},"loss":{"0":0.4340242029,"1":0.0950874987,"2":0.0146281695,"3":0.0062454922,"4":0.0049028562,"5":0.0043661134,"6":0.0038964432,"7":0.0034256767,"8":0.0029869299,"9":0.0026126243,"10":0.0023973575},"auprc":{"0":0.0002105528,"1":0.0002597752,"2":0.0002740333,"3":0.0002846938,"4":0.0002954687,"5":0.0003058304,"6":0.0003135637,"7":0.0003195994,"8":0.000326079,"9":0.0003409615,"10":0.0003637876},"auroc":{"0":0.2801497571,"1":0.3281448266,"2":0.3368354961,"3":0.3608429081,"4":0.3887645125,"5":0.4064800089,"6":0.4197870224,"7":0.4301603264,"8":0.4407975264,"9":0.460402073,"10":0.4865142577},"acc":{"0":0.9747806141,"1":0.9996372438,"2":0.9996372505,"3":0.9996372595,"4":0.9996372475,"5":0.999637249,"6":0.9996372472,"7":0.9996372561,"8":0.9996372542,"9":0.9996372472,"10":0.9996372527}}