{"val_loss":{"0":0.4321883321,"1":0.2404772043,"2":0.1145560518,"3":0.0551475398,"4":0.0331018008,"5":0.0271183196,"6":0.0259514675,"7":0.0258179195,"8":0.0256745815,"9":0.0252902992,"10":0.0246022101,"11":0.0236427691,"12":0.0225153733,"13":0.0210793298,"14":0.0196365379,"15":0.0182199646,"16":0.0167119913,"17":0.0151311327,"18":0.0135619165,"19":0.0119171962,"20":0.0102640353},"val_auprc":{"0":0.0004401155,"1":0.0002064203,"2":0.0001957197,"3":0.0002771441,"4":0.0002779168,"5":0.0002799057,"6":0.0002830499,"7":0.0002878829,"8":0.0002930076,"9":0.0002977804,"10":0.0003020925,"11":0.0003059719,"12":0.0003094731,"13":0.0003126491,"14":0.0003155411,"15":0.0003181882,"16":0.0003206225,"17":0.0003229863,"18":0.0003257089,"19":0.0003303425,"20":0.0003372573},"val_auroc":{"0":0.2614853382,"1":0.2969750464,"2":0.3227978945,"3":0.3332863748,"4":0.3369293511,"5":0.3383721709,"6":0.3446541429,"7":0.3567374945,"8":0.3695311248,"9":0.3809401989,"10":0.3907503486,"11":0.399158746,"12":0.4064098597,"13":0.412712723,"14":0.4182284176,"15":0.4230932593,"16":0.4274143279,"17":0.4314732254,"18":0.4359825552,"19":0.4432915151,"20":0.4532330036},"val_acc":{"0":0.9978967309,"1":0.9978967309,"2":0.9978967309,"3":0.9978967309,"4":0.9978967309,"5":0.9978967309,"6":0.9978967309,"7":0.9978967309,"8":0.9978967309,"9":0.9978967309,"10":0.9978967309,"11":0.9978967309,"12":0.9978967309,"13":0.9978967309,"14":0.9978967309,"15":0.9978967309,"16":0.9978967309,"17":0.9978967309,"18":0.9978967309,"19":0.9978967309,"20":0.9978967309},"loss":{"0":0.576584073,"1":0.3606078758,"2":0.1913340864,"3":0.0872102769,"4":0.0372709085,"5":0.0170537172,"6":0.009795701,"7":0.0069888955,"8":0.0058547082,"9":0.0052313812,"10":0.0048693851,"11":0.0045313036,"12":0.0043405517,"13":0.0040888747,"14":0.0038616865,"15":0.0036534502,"16":0.0034331178,"17":0.0032283403,"18":0.0029871101,"19":0.0027866403,"20":0.0026241995},"auprc":{"0":0.000253672,"1":0.0002160456,"2":0.0002323368,"3":0.0002702412,"4":0.0002750946,"5":0.0002780257,"6":0.000280678,"7":0.0002849311,"8":0.0002900032,"9":0.0002952027,"10":0.0002994837,"11":0.0003034989,"12":0.000307346,"13":0.0003104471,"14":0.0003138336,"15":0.0003165153,"16":0.000318914,"17":0.0003213474,"18":0.0003241026,"19":0.0003270608,"20":0.0003330573},"auroc":{"0":0.2624349108,"1":0.2931039118,"2":0.3201272749,"3":0.3340188348,"4":0.3420489945,"5":0.3409189179,"6":0.3437071122,"7":0.3534493996,"8":0.3660058224,"9":0.3773650211,"10":0.3879426887,"11":0.3968000396,"12":0.4041990971,"13":0.410979116,"14":0.4164373323,"15":0.4215632923,"16":0.4261369372,"17":0.4302005641,"18":0.4341779135,"19":0.439873198,"20":0.448328918},"acc":{"0":0.9376688847,"1":0.9996372517,"2":0.9996372518,"3":0.9996372584,"4":0.9996372517,"5":0.9996372578,"6":0.9996372521,"7":0.9996372444,"8":0.9996372521,"9":0.9996372444,"10":0.9996372382,"11":0.9996372445,"12":0.9996372388,"13":0.9996372645,"14":0.9996372444,"15":0.9996372447,"16":0.9996372515,"17":0.9996372512,"18":0.9996372383,"19":0.9996372581,"20":0.9996372321}}