{"val_loss":{"0":0.0194376123,"1":0.0060326197,"2":0.0073961371,"3":0.0075687721,"4":0.0064691909,"5":0.0068911617,"6":0.006501404,"7":0.0069645112,"8":0.0063649129,"9":0.0066861656,"10":0.0057979522,"11":0.0074384042,"12":0.0058860051,"13":0.0062554377,"14":0.0066484923,"15":0.0050752513,"16":0.0056272301,"17":0.0050618547,"18":0.0050329429,"19":0.0053079377,"20":0.0046565816,"21":0.00381209,"22":0.0044774604,"23":0.0047153515,"24":0.0039253763,"25":0.0044248492,"26":0.0040360982,"27":0.0037395244,"28":0.0043243074,"29":0.0029273556,"30":0.0049737247,"31":0.0050606219,"32":0.0041281742,"33":0.0096159644,"34":0.0032204358,"35":0.0039189233,"36":0.0058741949,"37":0.0050076245,"38":0.0032373086,"39":0.0056129902,"40":0.0037760561,"41":0.0040931012,"42":0.0032175255,"43":0.00294923,"44":0.0032463403,"45":0.0031001786,"46":0.0028205337,"47":0.0021449211,"48":0.0027600317,"49":0.0034766286,"50":0.0030193513,"51":0.0031965324,"52":0.0023153683,"53":0.0036529158,"54":0.0030057892,"55":0.002746967,"56":0.0020427688,"57":0.0020256054,"58":0.0056573166,"59":0.0037323365,"60":0.0034488959,"61":0.0033783073,"62":0.0033224131,"63":0.0025332123,"64":0.0221005411,"65":0.0339008022,"66":0.0339008022,"67":0.0339008022,"68":0.0339008022,"69":0.0339008022,"70":0.0339008022,"71":0.0339008022,"72":0.0339008022,"73":0.0339008022,"74":0.0339008022,"75":0.0339008022,"76":0.0339008022,"77":0.0339008022,"78":0.0339008022,"79":0.0339008022,"80":0.0339008022,"81":0.0339008022,"82":0.0339008022,"83":0.0339008022,"84":0.0339008022},"val_auprc":{"0":0.0003149896,"1":0.0005044415,"2":0.0007771328,"3":0.0010721655,"4":0.0013912702,"5":0.0017359052,"6":0.0020959116,"7":0.002665672,"8":0.0040220927,"9":0.0072687543,"10":0.0118116735,"11":0.0169399139,"12":0.0285775006,"13":0.0359018637,"14":0.0442963977,"15":0.0551859485,"16":0.0655140864,"17":0.0769688044,"18":0.0880623718,"19":0.0993287108,"20":0.1101599147,"21":0.1210564245,"22":0.1313826945,"23":0.1416277899,"24":0.1517821587,"25":0.1620188369,"26":0.1714385603,"27":0.1809659522,"28":0.1901178138,"29":0.1995825249,"30":0.2078816669,"31":0.2159427736,"32":0.2243640691,"33":0.2302284135,"34":0.2373210441,"35":0.2454177867,"36":0.252574512,"37":0.2592384709,"38":0.2668106132,"39":0.2730293658,"40":0.2795844847,"41":0.2862314456,"42":0.2929417154,"43":0.2990604408,"44":0.3055862659,"45":0.3117304319,"46":0.3183946994,"47":0.324812411,"48":0.3308314853,"49":0.3365159399,"50":0.3423360547,"51":0.3480357806,"52":0.3537222856,"53":0.358868995,"54":0.3643291765,"55":0.3694642657,"56":0.3751811836,"57":0.3807088587,"58":0.3833390263,"59":0.3841267401,"60":0.3862059885,"61":0.3887110525,"62":0.3913588696,"63":0.395146216,"64":0.3963700287,"65":0.3856644823,"66":0.3799282505,"67":0.3743604508,"68":0.3689537837,"69":0.3637013031,"70":0.3585965229,"71":0.353633323,"72":0.3488058342,"73":0.3441086604,"74":0.3395364881,"75":0.3350844575,"76":0.330747862,"77":0.3265223205,"78":0.322403529,"79":0.3183875382,"80":0.3144705978,"81":0.3106489864,"82":0.3069193555,"83":0.303278376,"84":0.2997229397},"val_auroc":{"0":0.4163230524,"1":0.5693370734,"2":0.6546604376,"3":0.7009410164,"4":0.7302386929,"5":0.7529354297,"6":0.7692263804,"7":0.7829431614,"8":0.7941776091,"9":0.8047084869,"10":0.8139597283,"11":0.8219972004,"12":0.8293332452,"13":0.8352913879,"14":0.840741813,"15":0.8459321289,"16":0.8500684489,"17":0.8541681214,"18":0.8577760383,"19":0.8608235351,"20":0.8636616581,"21":0.8663003893,"22":0.8690125976,"23":0.8713399511,"24":0.8734393169,"25":0.8756062821,"26":0.8774843994,"27":0.8793052154,"28":0.8810869637,"29":0.8828400398,"30":0.8843815046,"31":0.8855981718,"32":0.8870829619,"33":0.8880164263,"34":0.8892968706,"35":0.8907228176,"36":0.8916623577,"37":0.8926812395,"38":0.8938827115,"39":0.8949531898,"40":0.8960628879,"41":0.897150315,"42":0.8981624787,"43":0.8991263627,"44":0.9001027503,"45":0.9009811573,"46":0.9019580986,"47":0.9028391321,"48":0.9037364839,"49":0.9046704291,"50":0.905493923,"51":0.9062613539,"52":0.9069530235,"53":0.9076165847,"54":0.9083937658,"55":0.9090977947,"56":0.9098013506,"57":0.9105229629,"58":0.9106723957,"59":0.9111489136,"60":0.9115924875,"61":0.912206598,"62":0.9127620114,"63":0.913341101,"64":0.9139367466,"65":0.9076835168,"66":0.9015477339,"67":0.8955939107,"68":0.8898141463,"69":0.8842005597,"70":0.8787463982,"71":0.8734451399,"72":0.8682900534,"73":0.8632754166,"74":0.8583955208,"75":0.8536449922,"76":0.8490185181,"77":0.8445116744,"78":0.8401198254,"79":0.835838543,"80":0.831663476,"81":0.8275913079,"82":0.8236176027,"83":0.819738988,"84":0.8159526838},"val_acc":{"0":0.9978967318,"1":0.9978967318,"2":0.9978967318,"3":0.9978967318,"4":0.9978967318,"5":0.9978967318,"6":0.9978967318,"7":0.9978967318,"8":0.9978967318,"9":0.9978967318,"10":0.9978967318,"11":0.9978967318,"12":0.9988432054,"13":0.9982122336,"14":0.9982122336,"15":0.9983699652,"16":0.9983699652,"17":0.9987906342,"18":0.9987906342,"19":0.9987906342,"20":0.9988958015,"21":0.9990535067,"22":0.9990009303,"23":0.9990009303,"24":0.9990535332,"25":0.9990009303,"26":0.9991060976,"27":0.9991587004,"28":0.9990009303,"29":0.9993164321,"30":0.9990009303,"31":0.9987906342,"32":0.9990009303,"33":0.9978967318,"34":0.9991587004,"35":0.9990535332,"36":0.9987906342,"37":0.9990009303,"38":0.9991587004,"39":0.9983699652,"40":0.9990009303,"41":0.9990535332,"42":0.9991587004,"43":0.9992112648,"44":0.9991587004,"45":0.9991587004,"46":0.9992638677,"47":0.999579331,"48":0.9993690349,"49":0.9991060976,"50":0.9992112648,"51":0.9991060976,"52":0.9994215993,"53":0.9990535332,"54":0.9992112648,"55":0.9992112648,"56":0.9994741637,"57":0.999579331,"58":0.9978967318,"59":0.9990009303,"60":0.9990009303,"61":0.9990009303,"62":0.9990009303,"63":0.9996844982,"64":0.9915869159,"65":0.9978967318,"66":0.9978967318,"67":0.9978967318,"68":0.9978967318,"69":0.9978967318,"70":0.9978967318,"71":0.9978967318,"72":0.9978967318,"73":0.9978967318,"74":0.9978967318,"75":0.9978967318,"76":0.9978967318,"77":0.9978967318,"78":0.9978967318,"79":0.9978967318,"80":0.9978967318,"81":0.9978967318,"82":0.9978967318,"83":0.9978967318,"84":0.9978967318},"loss":{"0":0.0817640123,"1":0.0026068649,"2":0.0022173766,"3":0.0021450198,"4":0.0020837367,"5":0.0020353877,"6":0.0019720521,"7":0.0019123991,"8":0.0018320038,"9":0.0017467698,"10":0.0016830632,"11":0.0016158376,"12":0.0015452954,"13":0.0015259058,"14":0.0014485746,"15":0.0013802055,"16":0.001361696,"17":0.0013179051,"18":0.0012868038,"19":0.0012671617,"20":0.0012231828,"21":0.0012123086,"22":0.0012067284,"23":0.0011782348,"24":0.0011340791,"25":0.0011234664,"26":0.0010941276,"27":0.0011021324,"28":0.0010618815,"29":0.001058244,"30":0.0010510405,"31":0.0010190407,"32":0.0010037625,"33":0.0009921578,"34":0.0010458743,"35":0.0009602389,"36":0.0009540172,"37":0.000964124,"38":0.0009149287,"39":0.0009254154,"40":0.0009207856,"41":0.000902556,"42":0.0008774425,"43":0.000881835,"44":0.0008774801,"45":0.0008888923,"46":0.0008287545,"47":0.0008620331,"48":0.0008488092,"49":0.0008161408,"50":0.0008298027,"51":0.000827084,"52":0.0008359977,"53":0.0008191708,"54":0.0007911493,"55":0.0008044109,"56":0.0007739369,"57":0.0007667129,"58":0.0009871582,"59":0.0009818484,"60":0.0009419091,"61":0.0008848532,"62":0.0008895951,"63":0.0008726819,"64":0.0008684289,"65":0.0061529373,"66":0.0058469506,"67":0.0058469509,"68":0.0058469508,"69":0.0058469508,"70":0.0058469504,"71":0.0058469503,"72":0.0058469506,"73":0.005846951,"74":0.0058469515,"75":0.0058469508,"76":0.0058469512,"77":0.0058469504,"78":0.0058469503,"79":0.0058469506,"80":0.0058469515,"81":0.0058469511,"82":0.0058469506,"83":0.0058469513,"84":0.0058469504},"auprc":{"0":0.0002703717,"1":0.0003554941,"2":0.000615904,"3":0.0008942377,"4":0.001183318,"5":0.001526094,"6":0.0018827736,"7":0.0024824846,"8":0.0033646138,"9":0.005652676,"10":0.0096292016,"11":0.0140637003,"12":0.0202438128,"13":0.0313860152,"14":0.040488504,"15":0.0494548303,"16":0.0595375357,"17":0.0698220935,"18":0.0814772266,"19":0.092613608,