{"val_loss":{"0":0.1876723021,"1":0.0365332849,"2":0.0259444434,"3":0.0255473796,"4":0.0239704717,"5":0.0212544557,"6":0.017974969,"7":0.0147731332,"8":0.0115423929,"9":0.0088978354,"10":0.0075609763,"11":0.0070708175,"12":0.0069958717,"13":0.0068184971,"14":0.0070635811,"15":0.0069838902,"16":0.0067921164,"17":0.0066692941,"18":0.0067299264,"19":0.0062950859,"20":0.00636501},"val_auprc":{"0":0.0002011564,"1":0.0002730809,"2":0.0002798694,"3":0.0002919504,"4":0.0003022454,"5":0.0003103293,"6":0.0003168208,"7":0.0003227236,"8":0.0003329572,"9":0.0003523815,"10":0.0003808827,"11":0.0004127192,"12":0.0004473893,"13":0.0004836907,"14":0.0005223653,"15":0.0005619704,"16":0.000603594,"17":0.000652031,"18":0.0006964334,"19":0.000741486,"20":0.0007897776},"val_auroc":{"0":0.3054384589,"1":0.3275279999,"2":0.3396493196,"3":0.3699864447,"4":0.3935454488,"5":0.4101382196,"6":0.4222778976,"7":0.4324391484,"8":0.4482056499,"9":0.4725699425,"10":0.500674963,"11":0.525341332,"12":0.5473918319,"13":0.5668147802,"14":0.5844667554,"15":0.6000297666,"16":0.6143239737,"17":0.6274086237,"18":0.6393865347,"19":0.6500724554,"20":0.6603040099},"val_acc":{"0":0.9978967309,"1":0.9978967309,"2":0.9978967309,"3":0.9978967309,"4":0.9978967309,"5":0.9978967309,"6":0.9978967309,"7":0.9978967309,"8":0.9978967309,"9":0.9978967309,"10":0.9978967309,"11":0.9978967309,"12":0.9978967309,"13":0.9978967309,"14":0.9978967309,"15":0.9978967309,"16":0.9978967309,"17":0.9978967309,"18":0.9978967309,"19":0.9978967309,"20":0.9978967309},"loss":{"0":0.4250476464,"1":0.0927919328,"2":0.0143820512,"3":0.0061753979,"4":0.0049472038,"5":0.0043654978,"6":0.0038848511,"7":0.0034197499,"8":0.0029665503,"9":0.0026090648,"10":0.0023583712,"11":0.0023082307,"12":0.0022602798,"13":0.0022390987,"14":0.0022141934,"15":0.0021910886,"16":0.0021743585,"17":0.0021596962,"18":0.0021295471,"19":0.0021247147,"20":0.0020756159},"auprc":{"0":0.0002214444,"1":0.0002584012,"2":0.0002744557,"3":0.0002843937,"4":0.0002947524,"5":0.0003050761,"6":0.0003126802,"7":0.0003186431,"8":0.0003257132,"9":0.0003400384,"10":0.0003640028,"11":0.0003936477,"12":0.0004282333,"13":0.000461465,"14":0.0005014383,"15":0.00054015,"16":0.0005800952,"17":0.0006226242,"18":0.0006727258,"19":0.0007149022,"20":0.0007628338},"auroc":{"0":0.2864501026,"1":0.3280995453,"2":0.3363841221,"3":0.3589324133,"4":0.3865075783,"5":0.4041640642,"6":0.4176456499,"7":0.4283389479,"8":0.43993438,"9":0.4590213827,"10":0.4864216671,"11":0.5126084731,"12":0.5365306682,"13":0.5564002234,"14":0.5757223668,"15":0.5922733327,"16":0.6070763997,"17":0.6207172108,"18":0.6335650561,"19":0.6444790946,"20":0.6551451292},"acc":{"0":0.9758107867,"1":0.9996372457,"2":0.9996372492,"3":0.9996372434,"4":0.9996372422,"5":0.9996372492,"6":0.9996372481,"7":0.9996372491,"8":0.9996372475,"9":0.9996372478,"10":0.9996372425,"11":0.9996321673,"12":0.9996341914,"13":0.9996372499,"14":0.9996352068,"15":0.9996372414,"16":0.9996372457,"17":0.9996362252,"18":0.9996372425,"19":0.9996372454,"20":0.9996362282}}