{"val_loss":{"0":0.122465305,"1":0.0273761135,"2":0.0256157592,"3":0.0238742847,"4":0.0206197854,"5":0.0167717412,"6":0.0127928965,"7":0.0093000168,"8":0.0076513248,"9":0.0075406758,"10":0.0070190239},"val_auprc":{"0":0.0002930534,"1":0.0002736386,"2":0.000287749,"3":0.0003015726,"4":0.0003117213,"5":0.0003194547,"6":0.0003294989,"7":0.0003507048,"8":0.0003837533,"9":0.0004226033,"10":0.0004629649},"val_auroc":{"0":0.3103195727,"1":0.3274418712,"2":0.3616189063,"3":0.393453598,"4":0.4138075411,"5":0.4276529551,"6":0.4437825382,"7":0.4713255763,"8":0.503610611,"9":0.5328487754,"10":0.556671381},"val_acc":{"0":0.9978967309,"1":0.9978967309,"2":0.9978967309,"3":0.9978967309,"4":0.9978967309,"5":0.9978967309,"6":0.9978967309,"7":0.9978967309,"8":0.9978967309,"9":0.9978967309,"10":0.9978967309},"loss":{"0":0.3861517701,"1":0.051760428,"2":0.0079510879,"3":0.0050531169,"4":0.0042753365,"5":0.0037161938,"6":0.0031835345,"7":0.0026921477,"8":0.0023840578,"9":0.0022991478,"10":0.0022570709},"auprc":{"0":0.0002207298,"1":0.0002683349,"2":0.0002783797,"3":0.0002932531,"4":0.0003039741,"5":0.0003140154,"6":0.0003221482,"7":0.0003364108,"8":0.0003636134,"9":0.0004002573,"10":0.0004391234},"auroc":{"0":0.2819826541,"1":0.3332640166,"2":0.3469144134,"3":0.3821344701,"4":0.4075020868,"5":0.4226670736,"6":0.4347647756,"7":0.4557946452,"8":0.4867876736,"9":0.5177596683,"10":0.5443328945},"acc":{"0":0.979685914,"1":0.9996372472,"2":0.9996372475,"3":0.9996372473,"4":0.9996372473,"5":0.9996372473,"6":0.999637247,"7":0.9996372473,"8":0.9996372435,"9":0.9996372478,"10":0.9996362285}}