{"val_loss":{"0":0.0339008158,"1":0.0339008158,"2":0.0339008158,"3":0.0339008158,"4":0.0339008158,"5":0.0339008158,"6":0.0339008158,"7":0.0339008158,"8":0.0339008158,"9":0.0339008158,"10":0.0339008158},"val_auprc":{"0":0.0003973041,"1":0.0003964369,"2":0.0003961857,"3":0.0003960715,"4":0.000396008,"5":0.0003959683,"6":0.0003959414,"7":0.0003959223,"8":0.000395908,"9":0.0003958971,"10":0.0003958886},"val_auroc":{"0":0.4995113492,"1":0.499756846,"2":0.4998381554,"3":0.4998787132,"4":0.4999030169,"5":0.4999192062,"6":0.4999307641,"7":0.4999394287,"8":0.4999461654,"9":0.4999515545,"10":0.4999559616},"val_acc":{"0":0.9978967294,"1":0.9978967294,"2":0.9978967294,"3":0.9978967294,"4":0.9978967294,"5":0.9978967294,"6":0.9978967294,"7":0.9978967294,"8":0.9978967294,"9":0.9978967294,"10":0.9978967294},"loss":{"0":0.0060199697,"1":0.0058469636,"2":0.0058469636,"3":0.0058469636,"4":0.0058469636,"5":0.0058469636,"6":0.0058469636,"7":0.0058469636,"8":0.0058469636,"9":0.0058469636,"10":0.0058469636},"auprc":{"0":0.0003529842,"1":0.0003817255,"2":0.0003898564,"3":0.0003902757,"4":0.0003889355,"5":0.0003919944,"6":0.0003932992,"7":0.0003933252,"8":0.000393294,"9":0.0003943084,"10":0.0003939236},"auroc":{"0":0.5008560779,"1":0.4996627376,"2":0.4998030921,"3":0.4998604165,"4":0.499891787,"5":0.4999116134,"6":0.499925288,"7":0.4999352931,"8":0.4999429323,"9":0.4999489568,"10":0.4999538299},"acc":{"0":0.9996311348,"1":0.9996372486,"2":0.9996372486,"3":0.9996372486,"4":0.9996372486,"5":0.9996372486,"6":0.9996372486,"7":0.9996372486,"8":0.9996372486,"9":0.9996372486,"10":0.9996372486}}