{"val_loss":{"0":0.5585916042,"1":0.4747749269,"2":0.3888168335,"3":0.3095654249,"4":0.241650641,"5":0.182071209,"6":0.1341059506,"7":0.0985738635,"8":0.0731052756,"9":0.0553659797,"10":0.0434950665},"val_auprc":{"0":0.0001473,"1":0.0001608201,"2":0.000211443,"3":0.0002948692,"4":0.0000585544,"5":0.0002701545,"6":0.0002280749,"7":0.0002215392,"8":0.000249567,"9":0.000273027,"10":0.0002775154},"val_auroc":{"0":0.2481170148,"1":0.2400640249,"2":0.2576092184,"3":0.2819562852,"4":0.3007110357,"5":0.3130433857,"6":0.3220005631,"7":0.3286983073,"8":0.3330850899,"9":0.3360057175,"10":0.3379534483},"val_acc":{"0":0.9978967309,"1":0.9978967309,"2":0.9978967309,"3":0.9978967309,"4":0.9978967309,"5":0.9978967309,"6":0.9978967309,"7":0.9978967309,"8":0.9978967309,"9":0.9978967309,"10":0.9978967309},"loss":{"0":0.6422375979,"1":0.5424241912,"2":0.4581838852,"3":0.3727214856,"4":0.2961180419,"5":0.2296666472,"6":0.1724155586,"7":0.1258999598,"8":0.0910589953,"9":0.0650525674,"10":0.0461328019},"auprc":{"0":0.0002992536,"1":0.0002136696,"2":0.0001879453,"3":0.0002185677,"4":0.0002157075,"5":0.0001567967,"6":0.0002810104,"7":0.0002752627,"8":0.0002641465,"9":0.0002709876,"10":0.0002764681},"auroc":{"0":0.2649446466,"1":0.2489006776,"2":0.2566310297,"3":0.2797754728,"4":0.3015998113,"5":0.3126869669,"6":0.3225726335,"7":0.3297446807,"8":0.3350470865,"9":0.337085669,"10":0.3397231095},"acc":{"0":0.8517732137,"1":0.9995149704,"2":0.9996372582,"3":0.9996372586,"4":0.9996372609,"5":0.9996372582,"6":0.9996372582,"7":0.9996372586,"8":0.9996372305,"9":0.999637257,"10":0.9996372597}}